flex-shrink-0 href,el-image__inner src,text-xl,text-xl,flex href,ml-1,ml-2,,text-xs,mt-2,text-xs 2,text-xs href,text-xs 3,text-xs href 2,text-xs 4,text-xs href 3
crushon-ai,169790167776932300.png,CrushOn.AI,CrushOn.AI,https://crushon.ai/,15.5米,16,,38.76%,无限的对话和真实的互动。,AI角色,ai-character,AI聊天机器人,ai-chatbot,AI 内容生成器,ai-content-generator
theb-ai,169409389687455560.jpg,TheB.AI,TheB.AI,https://www.theb.ai/,993.0千米,2,,49.61%,通过易于使用的界面或统一的 API 访问尖端的语言和图像模型。,大型语言模型 （LLM）,large-language-models-(llms),AI广告助手,advertising-assistant,AI 内容生成器,ai-content-generator
v0-dev-by-vercel-labs,169486192955493492.jpg,v0.dev,v0.dev,https://v0.dev/,642.1千米,5,,16.99%,由 AI 提供支持的生成式 UI 系统。,AI代码生成器,ai-code-generator,人工智能网站建设者,ai-website-builder,AI网站设计师,ai-website-designer
logicballs,169578515296755654.jpg,LogicBalls,逻辑球,https://logicballs.com/,618，8千米,0,,21.38%,人工智能驱动的一体化平台，可快速、引人入胜的内容生成。,AI 内容生成器,ai-content-generator,AI广告助手,advertising-assistant,AI 工具目录,ai-tools-directory
the-all-new-slite,169486203537212611.jpg,Slite,Slite系列,https://slite.com/,415，5 千米赛,2,,17.53%,人工智能驱动的知识库，提供可信的公司信息。,AI产品描述生成器,ai-product-description-generator,人工智能知识管理,ai-knowledge-management,AI 知识库,ai-knowledge-base
flot-ai,169357118260794822.jpg,Flot.ai,Flot.ai,https://flot.ai/?via=Toolify,385.6千米,36,,9.72%,适用于所有应用程序和网站的 AI Copilot。,AI 内容生成器,ai-content-generator,AI产品描述生成器,ai-product-description-generator,,
swapface-org,169454163788394429.jpg,Swapface,交换面,https://www.swapface.org/,230，5千米,3,,12.79%,用于即时转换的实时换脸 AI 应用程序。,AI换脸生成器,ai-face-swap-generator,AI个人资料图片生成器,ai-profile-picture-generator,AI自拍和人像,ai-selfie-portrait
buildship,169582589570099990.jpg,BuildShip,建造船,https://buildship.com/,224，5 千米赛,0,,29.22%,可视化低代码平台，用于强大的 API 创建、计划作业和后端任务。,AI API 设计,ai-api-design,AI 应用程序生成器,ai-app-builder,AI 代码助手,ai-code-assistant
mermaid-chart,169605446561531751.jpg,Mermaid Chart,美人鱼图表,https://www.mermaidchart.com/,212，4千米,0,,23.23%,使用AI进行可视化图表的协作图表平台。,AI图表生成器,ai-diagram-generator,AI产品描述生成器,ai-product-description-generator,AI 开发人员文档,ai-developer-docs
moonvalley,169574504028185641.jpg,Moonvalley,月亮谷,https://www.moonvalley.ai/,185，7千米,9,,17.19%,从简单的文本提示创建令人惊叹的视频和动画。,AI动画视频,ai-animated-video,AI 内容生成器,ai-content-generator,AI广告助手,advertising-assistant
convex,169486201736233515.jpg,Convex,凸,https://www.convex.dev/,175，8千米,2,,22.76%,用于响应式应用程序的 TypeScript 全栈平台。,AI产品描述生成器,ai-product-description-generator,AI 应用程序生成器,ai-app-builder,AI 开发人员工具,ai-developer-tools
mypaalbot,169537286817527504.jpg,MyPaalBot,MyPaalBot的,https://paalai.io/,157，7千米,4,,13.38%,由 GPT4 提供支持的 Telegram 高级 AI 机器人。,大型语言模型 （LLM）,large-language-models-(llms),AI 工具目录,ai-tools-directory,AI聊天机器人,ai-chatbot
connected-stories-genaissance,169357221035663062.jpg,GenAIssance,GenAIssance,https://connected-stories.com/,155，3千米,3,,47.58%,人工智能驱动的创意管理平台，用于个性化内容。,AI 广告创意助手,ai-ad-creative-assistant,AI广告生成器,ai-ad-generator,AI广告助手,advertising-assistant
snappy,169511679764178901.jpg,Snappy,活泼,https://www.snappygifts.com/,139，3千米,3,,58.59%,用个性化的礼物给你的亲人一个惊喜！,AI 礼物创意,ai-gift-ideas,,,,
stable-audio,169470842062720046.jpg,Stable Audio,稳定的音频,https://stableaudio.com/,120，3千米,4,,22.83%,用于音乐和声音特效的生成式人工智能,AI 内容生成器,ai-content-generator,AI音乐生成器,ai-music-generator,AI 音频增强器,ai-audio-enhancer
artimator,169384064247817316.jpg,Artimator - Free AI Art Generator,Artimator - 免费的 AI 艺术生成器,https://artimator.io/,109，2K,5,,34.51%,使用 AI 从不同风格的文本或照片中生成独特的艺术品。,AI艺术生成器,ai-art-generator,AI照片和图像生成器,ai-photo-image-generator,AI动漫和卡通生成器,ai-anime-cartoon-generator
content-optimizor,169454160671335877.jpg,Clearscope,清晰示波器,https://www.clearscope.io/,104，6千米赛,1,,31.41%,人工智能驱动的SEO内容优化平台。,AI SEO助手,ai-seo-assistant,AI 内容生成器,ai-content-generator,AI产品描述生成器,ai-product-description-generator
ai-portrait,169357204270262383.jpg,AI Portrait Generator,AI人像生成器,https://www.ai-portraits.org/,104，4千米赛,6,,14.65%,根据面部特征和艺术风格制作的 AI 肖像。,AI艺术生成器,ai-art-generator,AI头像生成器,ai-avatar-generator,AI照片和图像生成器,ai-photo-image-generator
assignmentgpt-ai,169486199999168637.jpg,CraftWriter,工艺作家,https://assignmentgpt.ai/,97，8 千米,9,,14.27%,使用 CraftWriter 提升您的写作技巧！,其他,other,,,,
kai-by-tettra,169470844956195082.jpg,Tettra,Tettra,https://tettra.com/,93，3千米,1,,15.51%,人工智能驱动的知识管理系统。,AI产品描述生成器,ai-product-description-generator,人工智能知识管理,ai-knowledge-management,AI 知识库,ai-knowledge-base
facia,169487897220777465.jpg,Facia,面部,https://facia.ai/,93，2千米,1,,11.15%,世界上最快的活体检测，具有增强的 3D 面部映射功能。,AI产品描述生成器,ai-product-description-generator,,,,
coschool,169487895729253033.jpg,coschool,合作学校,https://www.coschool.ai/,92，4 千米赛,5,,37.27%,为教师提供个性化的课程计划并增强学生参与度。,人工智能课程,ai-course,AI教育助手,ai-education-assistant,,
resume-trick,169401550536060797.jpg,Resume Trick,简历技巧,https://resumetrick.com/,91，4 千米赛,2,,48.12%,创建完美简历的在线工具。,求职信生成器,ai-cover-letter-generator,简历生成器,ai-resume-builder,AI生物生成器,ai-bio-generator
jupitrr,169409389564603262.jpg,Jupitrr AI Video Maker,Jupitrr AI 视频制作工具,https://jupitrr.com/,78，0千米赛,6,,16.21%,用于自动生成 B-roll 的 AI 视频制作器。,AI个性化视频生成器,ai-personalized-video-generator,AI产品描述生成器,ai-product-description-generator,AI短片生成器,ai-short-clips-generator
maekersuite,169454276676617182.jpg,Maekersuite,Maekersuite（梅克套房酒店）,https://maekersuite.com/,74，2千米,4,,18.25%,在几分钟内从内容简报中生成优化的 YouTube 脚本。,AI 内容生成器,ai-content-generator,AI广告助手,advertising-assistant,AI 分析助手,ai-analytics-assistant
digma-ai,169582588660626007.jpg,Digma,迪格玛,https://digma.ai/,69，7千米赛,2,,7.29%,从 IDE 中发现代码回归和异常。,AI 代码助手,ai-code-assistant,AI 开发人员工具,ai-developer-tools,,
chapple,169357212443042929.jpg,Chapple,查普尔,https://chapple.ai/,69，4 千米赛,3,,22.43%,一个多合一的人工智能内容创建平台，可以更快地创建内容。,AI 内容生成器,ai-content-generator,AI代码生成器,ai-code-generator,AI广告助手,advertising-assistant
firecut-ai,169578508667804988.jpg,FireCut AI,FireCut 人工智能,https://firecut.ai/,68，9千米,5,,16.31%,在 Adobe Premiere Pro 中自动执行编辑任务。,AI视频编辑器,ai-video-editor,AI广告助手,advertising-assistant,AI产品描述生成器,ai-product-description-generator
catbird,169470848250206437.jpg,Catbird,猫鸟,https://catbird.ai/,68，4 千米赛,6,,10.57%,人工智能驱动的品牌工具，用于直观和简单的设计。,AI广告助手,advertising-assistant,AI 应用程序生成器,ai-app-builder,AI 开发人员工具,ai-developer-tools
open-interpreter,169384068055217238.jpg,Open Interpreter Project,Open Interpreter 项目,https://openinterpreter.com/,67，7 千米赛,3,,37.54%,使用语言模型执行代码和任务自动化。,AI 开发人员工具,ai-developer-tools,AI 代码助手,ai-code-assistant,AI代码生成器,ai-code-generator
timeos-ai,169470846160017970.jpg,timeOS,timeOS 操作系统,https://www.timeos.ai/,67，3 千米赛,2,,30.45%,人工智能驱动的会议时间管理。,AI产品描述生成器,ai-product-description-generator,AI 生产力工具,ai-productivity-tools,AI任务管理,ai-task-management
supademo-2-0,169454277613661122.jpg,Supademo,苏帕德莫,https://supademo.com/,60，8千米赛,2,,21.31%,通过 AI 驱动的交互式演示有效地传达产品。,AI演示生成器,ai-presentation-generator,AI产品描述生成器,ai-product-description-generator,AI教程,ai-tutorial
nureply-ai-powered-cold-outreach,169605502071212622.jpg,Nureply,Nureply,https://nureply.com/,60，2千米,0,,42.66%,人工智能驱动的冷外展平台，用于个性化、自动化的电子邮件序列。,AI电子邮件助手,ai-email-assistant,AI电子邮件营销,ai-email-marketing,AI电子邮件生成器,ai-email-generator
oneaudio-ai,169506080879867507.jpg,OneAudio,OneAudio 的,https://oneaudio.ai/,57，3 千米赛,3,,42.13%,轻松将音频转换为笔记。,AI 音频增强器,ai-audio-enhancer,AI产品描述生成器,ai-product-description-generator,AI语音识别,ai-speech-recognition
social-media-bio-generator,169357215295865323.jpg,Social Media Bio Generator,社交媒体生物生成器,https://socialmediabiogenerator.com/,56，4 千米赛,6,,46.11%,使用可定制的语气、类型和语言制作独特且量身定制的简历。完美契合不同平台。,AI生物生成器,ai-bio-generator,生物链接,bio-link,AI社交媒体助手,ai-social-media-assistant
writerzen,169409388736969416.jpg,WriterZen,作家禅,https://writerzen.net/,55，3千米赛,3,,13.47%,毫不费力地促进SEO内容制作。,AI SEO助手,ai-seo-assistant,AI 内容生成器,ai-content-generator,AI 工作流管理,ai-workflow-management
success-ai,169530364558845207.jpg,Success.ai,Success.ai,http://success.ai/,55，1千米赛,2,,24.19%,与 Success.ai 一起解锁 AI 驱动的增长！,AI 工具目录,ai-tools-directory,AI电子邮件营销,ai-email-marketing,AI电子邮件助手,ai-email-assistant
albato-3-0,169486198132942253.jpg,Albato,阿尔巴托,https://albato.com/,53，3 千米赛,0,,20.23%,使用 Albato 的无代码集成平台实现工作流程自动化。,AI广告助手,advertising-assistant,无代码&低代码,no-code-low-code,AI 应用程序生成器,ai-app-builder
socra-ai,169530361558725540.jpg,socra,苏克拉,https://socra.com/,51，1 千米,0,,36.99%,利用 AI 实现目标。用 socra 改变你的生活。,生活助理,life-assistant-2,AI任务管理,ai-task-management,AI项目管理,ai-project-management
luigi-s-box,169538510731462444.jpg,Luigi's Box,路易吉的盒子,https://www.luigisbox.com/,47，7千米赛,2,,33.10%,通过人工智能驱动的网站搜索和个性化推荐增强用户交互。,人工智能搜索引擎,ai-search-engine,电子商务助理,e-commerce-assistant,AI产品描述生成器,ai-product-description-generator
vispunk,169357217148204515.jpg,Vispunk,维斯朋克,https://vispunk.com/,47，6千米赛,5,,19.34%,AI 驱动的画布到图像生成器。,AI视频生成器,ai-video-generator,文本转图像,text-to-image,图像到图像,image-to-image
snipo,169392410541132545.jpg,Snipo,斯尼波,https://snipo.io/,43，1千米赛,3,,13.82%,在 Notion 中轻松记录视频笔记。,AI教育助手,ai-education-assistant,AI 笔记助手,ai-notes-assistant,AI YouTube 助手,ai-youtube-assistant
querio-1-0,169530363017544097.jpg,Querio,奎里奥,https://www.querio.ai/,43，0千米赛,1,,33.69%,使用自然语言查询的非技术人员的分析工具。,AI 分析助手,ai-analytics-assistant,,,,
mava,169582589251804403.jpg,Mava,马瓦,https://mava.app/,42，9千米赛,1,,11.82%,面向社区驱动型公司的 AI 优先客户支持平台。,AI客服助理,ai-customer-service-assistant,AI广告助手,advertising-assistant,AI聊天机器人,ai-chatbot
dinuai,169374134270503436.jpg,dinuai,迪努艾,https://dinuai.com/,42，1 千米赛,0,,5.75%,使用我们的 AI 驱动平台更快地制作出色的内容。,AI 内容生成器,ai-content-generator,AI产品描述生成器,ai-product-description-generator,AI SEO助手,ai-seo-assistant
bluedot,169605497023243598.jpg,Bluedot,蓝点,https://www.bluedothq.com/,41，5 千米赛,14,,10.04%,AI 驱动的 Chrome 扩展程序，用于自动会议记录。,AI视频录制,ai-video-recording,录音,recording,AI会议助手,ai-meeting-assistant
autocaption,169582593478476025.jpg,AutoCaption,自动字幕,https://autocaption.io/,41，0 千米赛,10,,53.68%,具有自动转录和动画表情符号的 AI 字幕生成器。,AI 广告创意助手,ai-ad-creative-assistant,AI广告生成器,ai-ad-generator,AI广告助手,advertising-assistant
ai-logo-generator,169537285068931843.jpg,AI Logo Generator,AI标志生成器,https://ailogogenerator.net/,40，0千米赛,9,,4.47%,在几分钟内使用自然语言创建徽标。,AI标志生成器,ai-logo-generator,设计助理,design-assistant,AI设计生成器,ai-design-generator
coinfeeds,169454294669332374.jpg,Coinfeeds,硬币馈送,https://www.coinfeeds.io/,40，0千米赛,2,,26.55%,由 AI 提供支持的简化加密货币洞察。,区块链,blockchain,AI聊天机器人,ai-chatbot,网络3,web3
ai-power,169538508826457299.jpg,AI Power,AI 力量,https://aipower.org/,37，8千米,4,,8.53%,适用于 WordPress 的综合 AI 插件，使用 GPT-3.5 和 GPT-4 等高级 AI 模型生成可自定义的内容、图像和表单。,AI博客作家,ai-blog-writer,AI聊天机器人,ai-chatbot,AI 内容生成器,ai-content-generator
the-multiverse-ai,169511916590872971.jpg,The Multiverse AI,多元宇宙 AI,https://themultiverse.ai/,37，2千米,2,,14.13%,通过专业的头像提升您的在线形象。,AI个人资料图片生成器,ai-profile-picture-generator,AI照片和图像生成器,ai-photo-image-generator,AI自拍和人像,ai-selfie-portrait
salesforge,169409392431355600.jpg,Salesforge,销售锻造,https://salesforge.ai/,36，5 千米赛,1,,14.75%,人工智能驱动的电子邮件推广平台，用于独特和个性化的电子邮件。,AI 电子邮件编写器,ai-email-writer,AI电子邮件助手,ai-email-assistant,AI 内容生成器,ai-content-generator
captionmaster,169416695185291686.jpg,CaptionMaster,标题大师,https://captionmaster.io/,35，4 千米赛,3,,5.00%,轻松的 AI 工具，用于引人入胜的图像标题。,AI 内容生成器,ai-content-generator,AI 工具目录,ai-tools-directory,,
essay-builder-ai,169454293088569070.jpg,Essay-Builder.ai,Essay-Builder.ai,https://essay-builder.ai/,34，8 千米赛,4,,5.81%,毫不费力地生成一流的论文。,AI Checker 论文,ai-checker-essay,AI 内容生成器,ai-content-generator,散文作家,essay-writer
ottertune,169416697528839864.jpg,OtterTune,水獭调谐,https://ottertune.com/,34，8 千米赛,2,,13.90%,针对 Amazon RDS 和 Aurora 的 AI 支持的数据库优化。,AI产品描述生成器,ai-product-description-generator,AI SQL 查询生成器,ai-sql-query-builder,,
brightflow-ai,169578519613706015.jpg,Brightflow AI,Brightflow 人工智能,https://brightflow.ai/,34，5 千米赛,0,,11.45%,使用 Brightflow AI 控制现金流,电子商务助理,e-commerce-assistant,AI 分析助手,ai-analytics-assistant,AI数据挖掘,ai-data-mining
youtube-thumbnail-checker,169470837410633131.jpg,ThumbnailChecker,缩略图检查器,https://thumbnailchecker.com/en,34，1 千米赛,8,,7.45%,轻松改进 YouTube 缩略图。,AI广告助手,advertising-assistant,AI缩略图制作工具,ai-thumbnail-maker,AI YouTube 助手,ai-youtube-assistant
melon,169470844094956182.jpg,Melon,瓜,https://www.meln.ai/,31，8 千米赛,0,,15.34%,您的个人 AI 学习伴侣，让您更好地思考。,其他,other,,,,
blogtovideoai,169416707627821641.jpg,BlogToVideo,BlogToVideo,https://www.adorilabs.com/,31，2千米,11,,12.82%,毫不费力地将博客转换为视频。,AI广告助手,advertising-assistant,AI Repurpose 助手,ai-repurpose-assistant,AI视频生成器,ai-video-generator
betterpic,169454163052545373.jpg,BetterPic - Business Corporate Headshots with AI,BetterPic - 使用 AI 的商业企业头像,https://www.betterpic.io/,31，1千米,0,,7.54%,使用 AI 将休闲照片转换为专业头像。,AI个人资料图片生成器,ai-profile-picture-generator,AI艺术生成器,ai-art-generator,AI 内容生成器,ai-content-generator
yay-forms,169608094495383542.jpg,Yay! Forms,耶！形式,https://yayforms.com/,31，0千米赛,0,,98.61%,人工智能驱动的表单构建器，用于捕捉观众的感受。,人工智能表格和调查,ai-forms-surveys,AI 响应生成器,ai-response-generator,无代码&低代码,no-code-low-code
snapy-ai,169486200843046818.jpg,Snapy AI,Snapy 人工智能,https://snapy.ai/,30，2千米,7,,14.13%,具有自动静音消除和短片生成功能的 AI 视频编辑器。,AI视频编辑器,ai-video-editor,AI广告助手,advertising-assistant,AI短片生成器,ai-short-clips-generator
m-veo-ai,169470850725739436.jpg,Mοveo AI,Mοveo AI,https://moveo.ai/,28，5 千米赛,0,,16.61%,使用高级 AI 自动执行客户支持操作。,AI聊天机器人,ai-chatbot,AI客服助理,ai-customer-service-assistant,,
rapidely,169454281654441979.jpg,Rapidely,快速,https://rapidely.app/,28，3 千米,4,,40.40%,用于社交媒体管理的 AI 助手，简化您的创意工作流程并增强您的内容创建过程。,AI社交媒体助手,ai-social-media-assistant,AI 内容生成器,ai-content-generator,AI 分析助手,ai-analytics-assistant
cast-app,169605445854220226.jpg,Cast.app,Cast.app,https://cast.app/,28，1千米赛,2,,10.67%,AI 驱动的化身彻底改变了客户互动。,AI客服助理,ai-customer-service-assistant,AI产品描述生成器,ai-product-description-generator,,
flowchai,169511912830974490.jpg,FlowChai,FlowChai（流柴酒店）,https://flowch.ai/,28，0千米赛,5,,12.95%,面向企业内容创建和自动化的 AI。,AI项目管理,ai-project-management,AI 工作流管理,ai-workflow-management,AI 生产力工具,ai-productivity-tools
ai-avatar-generator,169537284220346212.jpg,AI Avatar Generator,AI头像生成器,https://www.aiavatar.cc/,27，7 千米赛,3,,5.36%,使用先进的换脸技术创建可定制的 AI 头像。,AI头像生成器,ai-avatar-generator,AI照片和图像生成器,ai-photo-image-generator,AI个人资料图片生成器,ai-profile-picture-generator
yabble,169454158242563362.jpg,Yabble,亚布尔,https://www.yabble.com/,27，3 千米赛,1,,12.08%,即时洞察，促进行动。领先的研究人工智能解决方案。,AI广告助手,advertising-assistant,,,,
image-to-caption,169454163920616117.jpg,Image to Caption,图片到标题,https://image-to-caption.com/,27，2千米,3,,6.15%,人工智能驱动的图像到标题生成器,AI 内容生成器,ai-content-generator,字幕或副标题,captions-or-subtitle,,
soundverse-ai,169409381543769765.jpg,SoundVerse,SoundVerse的,https://www.soundverse.ai/,26，7 千米赛,5,,7.91%,人工智能驱动的音频创作平台。,AI 音频增强器,ai-audio-enhancer,AI音乐生成器,ai-music-generator,AI产品描述生成器,ai-product-description-generator
customfit-ai-2-0,169454280418790248.jpg,CustomFit.ai,CustomFit.ai,https://www.customfit.ai/,25，9 千米赛,0,,6.85%,为营销人员提供的无代码A / B测试和网站个性化平台。快速、安全、有效。,AI广告助手,advertising-assistant,AI 潜在客户生成,ai-lead-generation,AI产品描述生成器,ai-product-description-generator
swifto,169454297147493058.jpg,Swifto,斯威夫托,https://swifto.ai/,25，8 千米赛,0,,68.31%,使用 AI 进行 AutoPilot 网站优化,人工智能网站建设者,ai-website-builder,,,,
perception-io,169582592457007485.jpg,Perception,知觉,https://www.perception.io/,25，4 千米赛,1,,9.26%,人工智能驱动的设计智能，实现和谐的色彩组合。,设计助理,design-assistant,AI广告助手,advertising-assistant,,
ai-vyx,169409386665989931.jpg,AI VYX,AI VYX的,https://aivyx.com/,25，2 千米赛,1,,5.10%,在 AI VYX 上了解有关 AI 的所有信息。,AI 工具目录,ai-tools-directory,AI 内容生成器,ai-content-generator,,
appyhigh-prime,169578507434254403.jpg,Appyhigh,阿皮高,https://appyhigh.com/,24，2 千米,4,,6.63%,捆绑 13+ 生成式 AI 应用程序，可提高生产力和创造力。,AI 生产力工具,ai-productivity-tools,,,,
aime,169470101450987894.jpg,Aime,艾梅,https://www.ainvest.com/,23，6 千米赛,4,,58.12%,利用 AI 解锁实时股票洞察。,AI 分析助手,ai-analytics-assistant,AI 图表,ai-charting,AI数据挖掘,ai-data-mining
solidroad,169470098684170224.jpg,Solidroad,实心路,https://www.solidroad.com/,23，1 千米赛,1,,86.25%,用于销售电话的 AI 对话模拟器。,店员,sales-assistant,人工智能辅导,ai-coaching,AI广告助手,advertising-assistant
incite-advisor,169574502727276515.jpg,Incite,煽动,https://inciteai.com/,22，6千米赛,3,,26.84%,人工智能引导的股市洞察。,AI 交易机器人助手,ai-trading-bot-assistant,投资助理,investing-assistant,AI广告助手,advertising-assistant
unitq-gpt,169582587634225704.jpg,unitQ,单位Q,https://unitq.com/,21，8 千米赛,1,,6.90%,世界上第一个用于产品质量的人工智能引擎。,AI客服助理,ai-customer-service-assistant,AI产品描述生成器,ai-product-description-generator,AI 分析助手,ai-analytics-assistant
algomo,169454162152400788.jpg,Algomo,阿尔戈莫,https://www.algomo.com/,21，2 千米,4,,9.66%,一个人工智能驱动的机器人，可减少客户服务查询。,AI聊天机器人,ai-chatbot,AI客服助理,ai-customer-service-assistant,电子商务助理,e-commerce-assistant
verbalate,169582590110851767.jpg,Verbalate?,Verbalate?,https://verbalate.ai/,21，0千米赛,8,,8.80%,通用视频翻译和口型同步工具。,翻译,translate,AI 口型同步生成器,ai-lip-sync-generator,AI语音克隆,ai-voice-cloning
autodevs-by-create,169530366257190701.jpg,Create,创造,https://www.create.xyz/,20，7 千米赛,2,,30.06%,由 AI 驱动的开发人员，用于快速应用开发。,AI 应用程序生成器,ai-app-builder,AI代码生成器,ai-code-generator,AI 开发人员工具,ai-developer-tools
superdwell-ai,169605448350418911.jpg,Superdwell,Superdwell（超级威尔酒店）,https://superdwell.co/,20，1 千米赛,4,,6.38%,您的个性化 AI 室内设计师，提供即时、可购物的室内设计方案。,AI室内和房间设计,ai-interior-room-design,AI设计生成器,ai-design-generator,人工智能网站建设者,ai-website-builder
headshotgenerator-io,169409390421649028.jpg,HeadshotGenerator,爆头生成器,https://www.headshotgenerator.io/,19，6 千米赛,2,,15.48%,将自拍变成专业爆头。,AI个人资料图片生成器,ai-profile-picture-generator,AI自拍和人像,ai-selfie-portrait,,
morph-beta,169486201450354221.jpg,Morph,变形,https://www.morphdb.io/,18，5 千米赛,2,,8.87%,具有统一界面的尖端无代码数据管理。,AI项目管理,ai-project-management,AI任务管理,ai-task-management,,
grantboost,169608093437611763.jpg,Grantboost,格兰特助推器,https://www.grantboost.io/,18，4 千米赛,1,,27.27%,人工智能驱动的赠款写作助手。,AI 内容生成器,ai-content-generator,,,,
dr-lambda,169384068093056372.jpg,Dr. Lambda,Lambda 博士,https://drlambda.ai/,18，3 千米赛,7,,7.22%,毫不费力地将 PDF、网页和 YouTube 内容转换为首选格式。,AI 内容生成器,ai-content-generator,AI演示生成器,ai-presentation-generator,AI Repurpose 助手,ai-repurpose-assistant
pine-script-wizard-ai,169582587291712988.jpg,Pine Script Wizard,Pine 脚本向导,https://www.pinescriptwizard.com/,18，1 千米赛,6,,11.14%,用于 TradingView 策略和指标的 AI 驱动的代码生成器。,AI 代码助手,ai-code-assistant,AI代码生成器,ai-code-generator,AI 交易机器人助手,ai-trading-bot-assistant
ai-writer-essay-email-writing-app,169538512449231747.jpg,AI Writer,人工智能作家,https://ai-writer.app/,18，1 千米赛,1,,57.13%,使用 AI Writer 在几秒钟内生成高质量的内容。,AI 内容生成器,ai-content-generator,写作助理,writing-assistants,AI 电子邮件编写器,ai-email-writer
portfoliopilot,169574505022610450.jpg,PortfolioPilot,产品组合试点,https://www.portfoliopilot.com/,17，5 千米赛,3,,48.14%,人工智能财务顾问，提供更好的投资决策。,AI广告助手,advertising-assistant,AI 图表,ai-charting,AI知识图谱,ai-knowledge-graph
windchat,169487892620589438.jpg,WindChat,风聊天,https://www.windchat.link/,16，6 千米赛,2,,84.54%,在 ChatGPT 中预览 Tailwindcss HTML。,AI 开发人员工具,ai-developer-tools,,,,
emoji-combiner,169374136029672000.jpg,Emoji Combiner,表情符号组合器,https://emojicombiner.com/,16，5 千米赛,3,,14.99%,毫不费力地将表情符号组合到新的创作中。,AI表情符号生成器,ai-emoji-generator,,,,
spicytool,169470840184248855.jpg,Spicytool,Spicytool,https://spicytool.net/en,16，5 千米赛,5,,6.15%,用于在 Google Ads 上创建和优化广告的最佳 AI 工具。,AI广告助手,advertising-assistant,AI 广告创意助手,ai-ad-creative-assistant,AI广告生成器,ai-ad-generator
introducing-coworker-ai,169486200254274970.jpg,Infer | Generative AI for Game-Changing Business Insights and Growth,推断 |生成式 AI 实现改变游戏规则的业务洞察和增长,https://www.getinfer.io/,16，1千米赛,1,,9.53%,使用 Infer 的同事 AI 进行革命性的 ML 驱动分析。,AI 分析助手,ai-analytics-assistant,AI 图表,ai-charting,AI数据挖掘,ai-data-mining
checklistgenerator-ai,169357218397750689.jpg,Checklist Generator,清单生成器,https://checklistgenerator.ai/,15，7 千米赛,0,,12.74%,人工智能驱动的清单创建工具。简单且可定制的业务工作流程清单。,AI 工作流管理,ai-workflow-management,AI 生产力工具,ai-productivity-tools,AI任务管理,ai-task-management
pseudoface,169486197223526598.jpg,Pseudoface,伪面孔,https://www.pseudoface.com/,15，5 千米赛,1,,9.69%,匿名性通过人工智能生成的假面孔实现推广。,AI头像生成器,ai-avatar-generator,AI广告助手,advertising-assistant,AI 内容生成器,ai-content-generator
boolvideo,169416699347778746.jpg,Boolvideo,布尔视频,https://boolv.video/,15，5 千米赛,3,,26.42%,借助 AI，专业视频制作变得简单。,AI视频编辑器,ai-video-editor,AI视频生成器,ai-video-generator,,
your-academic-writer,169530358422427848.jpg,YourAcademicWriter,你的学术作家,https://youracademicwriter.com/,15，3 千米赛,5,,7.06%,具有 AI 集成和专家作家的论文写作服务。,AI Checker 论文,ai-checker-essay,散文作家,essay-writer,家庭作业助手,ai-homework-helper
goless-extension-automation,169454284445801512.jpg,Goless,不合格,https://goless.com/,15，1 千米赛,6,,8.19%,通过无代码浏览器自动化提高生产力。,AI 工作流管理,ai-workflow-management,网页抓取,ai-web-scraping,无代码&低代码,no-code-low-code
audionotes-pro,169401554416860177.jpg,Audionotes,音频笔记,https://www.audionotes.app/,15，0千米赛,3,,8.05%,带有 AI 的笔记工具，用于语音/文本转换、内容生成和笔记聊天。,AI 笔记助手,ai-notes-assistant,AI聊天机器人,ai-chatbot,,
thumbmachine,169454285045558313.jpg,Thumbmachine - Youtube Thumbnail Maker,拇指机 - Youtube 缩略图制作工具,https://thumbmachine.com/,14，9 千米赛,8,,6.68%,使用 AI 驱动的自定义创建令人惊叹的 YouTube 视频缩略图。,AI照片和图像生成器,ai-photo-image-generator,AI缩略图制作工具,ai-thumbnail-maker,AI YouTube 助手,ai-youtube-assistant
meiro,169357218368826906.jpg,Meiro,梅罗,https://meiro.cc/,14，3 千米赛,3,,14.12%,使用 Meiro 轻松创建交互式内容。,AI 内容生成器,ai-content-generator,AI广告助手,advertising-assistant,AI 潜在客户生成,ai-lead-generation
corpus-x,169578522530559151.jpg,Corpus-X,语料库-X,https://corpus-x.com/,13，6 千米赛,0,,56.16%,为企业定制 AI 解决方案。,AI聊天机器人,ai-chatbot,,,,
briefy,169486209078937303.jpg,Briefy,简讯,https://briefy.ai/,13，5 千米赛,1,,10.07%,用于简明内容摘要的 AI 驱动工具。,AI 内容生成器,ai-content-generator,总结器,summarizer,大型语言模型 （LLM）,large-language-models-(llms)
omnes-link,169574599768892550.jpg,Omnes.Link,Omnes.Link,https://omnes.link/,12，7 千米赛,3,,100.00%,一个数字实用套件，提供短链接、生物页面、二维码、VCards 和 AI 写作工具，以增强您的在线形象。,生物链接,bio-link,,,,
virtual-sapiens,169470849442644401.jpg,Virtual Sapiens,虚拟智人,https://www.virtualsapiens.co/,12，6 千米赛,3,,8.03%,用于视频存在的 AI 驱动的通信教练。,其他,other,,,,
stockinsights-ai,169470099484292369.jpg,StockInsights,股票洞察,https://www.stockinsights.ai/,12，6 千米赛,1,,51.16%,利用 AI 彻底改变股票研究。,AI产品描述生成器,ai-product-description-generator,投资助理,investing-assistant,,
powerin,169605497395415349.jpg,PowerIn,电源输入,https://www.powerin.io/,12，6 千米赛,2,,9.56%,使用 AI 自动回复 LinkedIn 上的竞争对手。,AI回复助手,ai-reply-assistant,AI社交媒体助手,ai-social-media-assistant,AI产品描述生成器,ai-product-description-generator
cxassist,169454278586226032.jpg,CX Assist,客户体验辅助,https://www.cxassist.io/,12，5 千米赛,0,,100.00%,使用 AI 驱动的电子邮件助手提高工作效率。,AI聊天机器人,ai-chatbot,AI电子邮件助手,ai-email-assistant,AI 电子邮件编写器,ai-email-writer
all-quiet,169537285099519931.jpg,All Quiet: IT Incident Escalation， Management & Collaboration,All Quiet：IT 事件升级、管理和协作,https://allquiet.app/,12，2 千米赛,0,,7.89%,适用于 iOS 和 Android 的事件升级应用程序。,AI产品描述生成器,ai-product-description-generator,AI 调度,ai-scheduling,AI任务管理,ai-task-management
charmed-ai-texture-generator,169409387364753031.jpg,CharmedAI,魅力人工智能,https://charmed.ai/,12，2 千米赛,3,,15.32%,加速 3D 游戏对象的纹理创建。,AI 3D模型生成器,3d-model-generator,游戏,game,人工智能故事写作,ai-story-writing
contextclue,169578521860923280.jpg,Context Clue,上下文线索,https://context-clue.com/,12，1 千米赛,2,,36.95%,精确地从各种文档中提取重要信息。,AI 文档助手,ai-documents-assistant,AI文档提取,ai-document-extraction,AI 内容生成器,ai-content-generator
1millionresume,169454164698960948.jpg,1MillionResume.com,1MillionResume.com,https://1millionresume.com/,12，1 千米赛,3,,11.85%,用于专业简历的 AI 驱动工具。,简历生成器,ai-resume-builder,AI 工具目录,ai-tools-directory,AI 生产力工具,ai-productivity-tools
rebyte-ai,169538508021473706.jpg,ReByte,ReByte的,https://rebyte.ai/,11，8 千米赛,0,,79.44%,ReByte 是一个 AI 驱动的平台，使用户能够使用 LLM 技术轻松构建生成式 AI 应用程序和编辑工具。,AI 应用程序生成器,ai-app-builder,AI 开发人员工具,ai-developer-tools,AI API 设计,ai-api-design
alphadoc,169578518790095889.jpg,Alphadoc,阿尔法文档,https://alphadoc.io/,11，4 千米赛,0,,8.24%,具有强大 AI 的交互式文档。,AI 开发人员文档,ai-developer-docs,AI教程,ai-tutorial,AI API 设计,ai-api-design
deepen,169416707583210233.jpg,Deepen: AI Therapy & Counseling,深化：人工智能治疗与咨询,https://thedeepen.app/,11，4 千米赛,2,,8.81%,您的私人袖珍治疗师。24/7 全天候可用，Deepen 了解并与您一起发展。无所不谈。,心理健康,mental-health,生活助理,life-assistant-2,AI聊天机器人,ai-chatbot
magicbean,169454159467820792.jpg,MagicBean,魔术豆,https://www.magicbean.ai/,11，2 千米赛,0,,24.16%,利用 AI 驱动的洞察增强电子商务。,AI 分析助手,ai-analytics-assistant,,,,
qrx-codes,169409384965173308.jpg,QRX Codes,QRX码,https://qrx.codes/,11，2 千米赛,7,,21.50%,人工智能驱动的二维码生成器将功能变成艺术,AI艺术生成器,ai-art-generator,AI照片和图像生成器,ai-photo-image-generator,图像到图像,image-to-image
chatgpt-fran-ais-french,169374135096686718.jpg,ChatGPT Fran?ais,ChatGPT 法语,https://chatgptfrench.org/,11，0 千米赛,1,,18.15%,Un modèle linguistique avancé qui génère des réponses créatives en fran?ais.,AI聊天机器人,ai-chatbot,AI 内容生成器,ai-content-generator,,
instantapply,169608093381866926.jpg,InstantApply,即时应用,https://instantapply.co/,10，9千米赛,0,,14.34%,简历分析、求职信生成和工作申请跟踪 人工智能驱动的 Chrome 扩展程序。,简历生成器,ai-resume-builder,人工智能招聘,ai-recruiting,求职信生成器,ai-cover-letter-generator
aiqrart,169506083530960331.jpg,AIQrArt,AIQr艺术,https://aiqrart.co/,10，8 千米赛,1,,35.74%,人工智能驱动的二维码艺术和分析。,AI艺术生成器,ai-art-generator,AI广告助手,advertising-assistant,AI 分析助手,ai-analytics-assistant
restorephotos-pro-ai,169454276283334754.jpg,restorePhotos.Pro,restorePhotos.Pro,https://restorephotos.pro/,10，4 千米赛,1,,9.14%,人工智能驱动的旧照片修复。,AI图像增强器,ai-image-enhancer,AI 照片增强器,ai-photo-enhancer,AI照片修复,ai-photo-restoration
dreamshorts,169487893810157539.jpg,DreamShorts,梦幻短裤,https://dreamshorts.com/,10，4 千米赛,7,,18.04%,毫不费力地将您的想法转化为引人入胜的视频。,AI 内容生成器,ai-content-generator,文字转视频,text-to-video,大型语言模型 （LLM）,large-language-models-(llms)
scanflow,169409385863192671.jpg,Scanflow,扫描流,https://www.scanflow.ai/,10，4 千米赛,0,,13.63%,面向智能设备的 AI 扫描仪,AI产品描述生成器,ai-product-description-generator,,,,
reachifyme,169384067072762355.jpg,ReachifyMe,到达我,https://reachifyme.com/,10，2千米赛,22,,22.48%,使用 AI 在 LinkedIn 上建立您的个人品牌并从中获利。,其他,other,,,,
chatgpt-free-and-unlimited-prompts,169401546166183136.jpg,ChatGPT1s,ChatGPT1 的,https://chatgpt1s.com/,10，1 千米赛,0,,11.20%,免费聊天服务，将有共同兴趣的人联系起来。,AI聊天机器人,ai-chatbot,,,,
droxy-ai,169357486296153016.jpg,Droxy,德雷克西,https://www.droxy.ai/,9，8 千米赛,2,,22.53%,将任何内容转换为引人入胜的 AI 聊天机器人。,AI聊天机器人,ai-chatbot,,,,
doc2lang,169486195470404037.jpg,Doc2Lang,Doc2Lang 文档,https://doc2lang.com/,9，8 千米赛,2,,9.13%,快速准确的文档文件翻译。,AI文档提取,ai-document-extraction,AI 文档助手,ai-documents-assistant,翻译,translate
smili-media,169574500864845683.jpg,Smili,斯米利,https://www.smilimedia.com/,9，7 千米赛,10,,12.18%,人工智能驱动的病毒式视频创作者，将 YouTube 内容变成病毒式短片。,AI产品描述生成器,ai-product-description-generator,AI短片生成器,ai-short-clips-generator,AI视频生成器,ai-video-generator
plaito,169470839395094308.jpg,Plaito,普莱托,https://www.plaito.ai/,9，6千米赛,6,,14.93%,个性化的AI导师，轻松学习。,AI聊天机器人,ai-chatbot,AI教育助手,ai-education-assistant,AI 内容生成器,ai-content-generator
ai-interior-room-planner,169454286732704054.jpg,InteriorAI Room Planner,InteriorAI房间规划师,https://aiinteriorplanner.com/,9，4 千米赛,17,,8.29%,使用 InteriorAI Room Planner 的 AI 驱动的室内设计，轻松改造您的空间。,AI室内和房间设计,ai-interior-room-design,AI设计生成器,ai-design-generator,大型语言模型 （LLM）,large-language-models-(llms)
clusterly-ai,169538508070793079.jpg,Clusterly.ai,Clusterly.ai,https://clusterly.ai/,8，6 千米赛,5,,82.22%,自动进行关键字研究、内容制作和互连。,AI 内容生成器,ai-content-generator,AI路线图生成器,ai-roadmap-generator,AI SEO助手,ai-seo-assistant
tangle-io,169487901019836177.jpg,Tangle,纠结,https://www.tangle.io/,8，4 千米赛,0,,10.95%,适用于企业应用的终极低代码解决方案。,AI 应用程序生成器,ai-app-builder,无代码&低代码,no-code-low-code,AI 开发人员工具,ai-developer-tools
intently,169578509022496631.jpg,Intently,目不转睛,https://www.getintently.ai/,8，4 千米赛,1,,10.46%,用于搜索 LinkedIn 数据的 AI 平台。,AI广告助手,advertising-assistant,AI 潜在客户生成,ai-lead-generation,AI产品描述生成器,ai-product-description-generator
pitch-patterns,169401554178750494.jpg,Pitch Patterns,音高模式,https://www.pitchpatterns.com/,8，3 千米赛,0,,98.27%,人工智能驱动的销售辅导和管理工具。,店员,sales-assistant,AI语音识别,ai-speech-recognition,大型语言模型 （LLM）,large-language-models-(llms)
meetcopilot-app,169470098842805518.jpg,COPILOT,副驾驶员,https://meetcopilot.app/,8，3 千米赛,0,,10.75%,通过 Apple 快捷指令在 Apple 生态系统中的个人 AI 助手。,AI产品描述生成器,ai-product-description-generator,,,,
dilgpt,169416699067160314.jpg,DilGPT,迪尔GPT,https://dilgpt.com/,8，2 千米赛,4,,29.23%,您的语言学习 BFF 使用 AI 技术来提高流利度和勇气。,AI聊天机器人,ai-chatbot,AI 测验,ai-quizzes,AI语音识别,ai-speech-recognition
studyflash,169511911930460115.jpg,Studyflash,学习闪光灯,https://studyflash.ai/,8，1 千米赛,1,,29.62%,人工智能驱动的平台，实现高效学习。,家庭作业助手,ai-homework-helper,AI 测验,ai-quizzes,,
shortcast-ai,169506078990186025.jpg,Shortcast.AI,Shortcast.AI,https://shortcast.ai/,7，9 千米赛,4,,73.27%,人工智能驱动的YouTube和播客摘要！,总结器,summarizer,AI YouTube 助手,ai-youtube-assistant,AI 播客助手,ai-podcast-assistant
amibalding,169470101365353353.jpg,amibalding.co,amibalding.co,https://amibalding.co/,7，7 千米赛,1,,47.46%,人工智能平台，用于分析脱发并提供个性化的治疗建议。,AI图像识别,ai-image-recognition,AI自拍和人像,ai-selfie-portrait,,
checkmyidea-ia,169605500513555028.jpg,Checkmyidea-IA,Checkmyidea-IA的,https://www.checkmyidea-ia.com/,7，6 千米赛,1,,16.25%,通过 AI 驱动的评估来验证并最大化您的商业理念。,人工智能商业创意生成器,ai-business-ideas-generator,,,,
aiwrita,169574600522964981.jpg,AI Writa - Free AI Writer - Text Generator & AI Copywriting Assistant,AI Writa - 免费 AI 作家 - 文本生成器和 AI 文案助手,https://aiwrita.com/,7，5 千米赛,5,,28.42%,强大的 AI 作家和文本生成器，用于引人入胜的内容。,一般写作,general-writing,写作助理,writing-assistants,AI 内容生成器,ai-content-generator
just-command-ai,169578511072272184.jpg,Just Command,只是命令,https://justcommand.com/,7，5 千米赛,2,,96.83%,用于内容创建和营销自动化的 AI 平台。,AI 内容生成器,ai-content-generator,AI广告助手,advertising-assistant,AI聊天机器人,ai-chatbot
automix-ai,169605443746477754.jpg,eyevisor by automix,AutoMix 开发的 Eyevisor,https://automix.ai/,7，4 千米赛,0,,12.85%,用于简历审查和模拟面试的人工智能平台,人工智能招聘,ai-recruiting,简历生成器,ai-resume-builder,大型语言模型 （LLM）,large-language-models-(llms)
opinly-ai,169487899112137337.jpg,Opinly,Opinly,https://opinly.ai/,7，4 千米赛,5,,23.59%,简化竞争对手研究和实时洞察。,AI广告助手,advertising-assistant,AI产品描述生成器,ai-product-description-generator,AI 工具目录,ai-tools-directory
huehive,169582588286820346.jpg,HueHive,HueHive（休化蜂巢酒店）,https://huehive.co/,7，1 千米赛,1,,17.66%,使用 ChatGPT 的调色板。,AI 着色,ai-colorize,AI照片和图像生成器,ai-photo-image-generator,AI艺术生成器,ai-art-generator
typeng,169605443436374610.jpg,Typeng English Grammar Exercises,打字英语语法练习,https://typeng.com/,6，8 千米赛,2,,13.20%,使用在线模拟器练习时态。,AI教程,ai-tutorial,AI 语法检查器,ai-grammar-checker,,
supertest-ai,169574602349718944.jpg,Supertest,超级测试,https://supertest.ai/,6，6 千米赛,0,,16.33%,在几秒钟内自动生成 React 单元测试。,AI 代码助手,ai-code-assistant,AI代码生成器,ai-code-generator,AI 开发人员工具,ai-developer-tools
ubblu,169486191160096732.jpg,Ubblu,乌布鲁,https://ubblu.com/,6，5 千米赛,4,,17.13%,使用 Ubblu 轻松生成内容、获得深入见解并分析复杂数据。,AI聊天机器人,ai-chatbot,AI 内容生成器,ai-content-generator,,
auto-swipe,169486197447227443.jpg,Auto Swipe,自动滑动,https://autoswipe.io/,6，5 千米赛,1,,17.03%,Tinder、Badoo 和 Bumble 的自动滑动扩展。,AI约会助手,ai-dating-assistant,,,,
agentstore,169511913669332782.jpg,AgentStore,代理商店,https://agent.store/,6，4 千米赛,5,,43.79%,具有可定制功能的 AI 驱动的漫画伙伴。以前所未有的方式聊天。,AI动漫和卡通生成器,ai-anime-cartoon-generator,AI动漫艺术,ai-anime-ai-art,AI聊天机器人,ai-chatbot
sphinx-mind,169401555411691136.jpg,Sphinx Mind,狮身人面像心灵,https://www.sphinxmind.com/,6，3 千米赛,0,,19.45%,人工智能驱动的营销助理聊天机器人。,AI聊天机器人,ai-chatbot,AI广告助手,advertising-assistant,AI产品描述生成器,ai-product-description-generator
skm-ai,169530355754525611.jpg,Skm.ai,Skm.ai,https://skm.ai/,6，3 千米赛,4,,71.42%,深入理解非结构化数据。,人工智能搜索引擎,ai-search-engine,AI视频搜索,ai-video-search,,
shorts-generator,169401553046040518.jpg,Shorts Generator,短裤生成器,https://www.shortsgenerator.com/,6，3 千米赛,5,,11.86%,从已建立的视频中生成病毒式 YouTube Shorts,其他,other,,,,
aivocado,169511682227698742.jpg,Aivocado,艾鳄梨,https://aivocado.online/,6，3 千米赛,0,,77.52%,个性化的膳食计划和食谱，让饮食更健康。,AI图像识别,ai-image-recognition,AI产品描述生成器,ai-product-description-generator,,
kazava,169416702039339616.jpg,Kazava,卡扎瓦,https://kazava.ai/,6，1千米赛,3,,62.49%,人工智能驱动的技术，用于引人入胜和身临其境的互动。,AI动漫艺术,ai-anime-ai-art,AI艺术生成器,ai-art-generator,AI头像生成器,ai-avatar-generator
linq-me-up,169487898260260965.jpg,LINQ Me Up,LINQ 我,https://www.linqmeup.com/,6，1千米赛,1,,19.29%,使用 LINQ Me Up 的 AI 驱动的 SQL 到 LINQ 转换和 LINQ 查询生成，节省时间并提高工作效率。,AI 代码助手,ai-code-assistant,AI代码生成器,ai-code-generator,AI 开发人员工具,ai-developer-tools
productroadmap-ai-by-ignition,169454278160537310.jpg,Revenue-Driven Roadmaps,以收入为导向的路线图,http://productroadmap.ai/,6，0 千米赛,2,,12.73%,通过识别和缩小功能差距，使产品工作与收入保持一致。,AI产品描述生成器,ai-product-description-generator,AI路线图生成器,ai-roadmap-generator,,
getmax,169511681416952729.jpg,GetMax: AI-Powered Content Marketing for Startups,GetMax：面向初创公司的人工智能内容营销,https://www.getmax.ai/,5，9 千米赛,3,,18.80%,面向初创公司的 AI 驱动的内容营销人员,AI 内容生成器,ai-content-generator,AI SEO助手,ai-seo-assistant,AI广告助手,advertising-assistant
prevessai-app,169454295439731742.jpg,PrevessAI,PrevessAI,https://www.prevess.com/,5，9 千米赛,2,,30.78%,基于科学的个性化营养指导。,AI 开发人员文档,ai-developer-docs,AI API 设计,ai-api-design,,
omniscience,169470847198588998.jpg,Omniscience,无所不知,https://omniscience.tech/,5，9 千米赛,5,,13.38%,人工智能驱动的研究和书籍写作工具。,人工智能知识管理,ai-knowledge-management,大型语言模型 （LLM）,large-language-models-(llms),AI 知识库,ai-knowledge-base
wisperseo,169538512219874902.jpg,WisperSEO,Wisper搜索引擎优化,https://wisperseo.com/,5，8 千米赛,4,,61.94%,AI 驱动的伴侣，用于引人入胜和 SEO 优化的内容。,AI SEO助手,ai-seo-assistant,AI 内容生成器,ai-content-generator,AI博客作家,ai-blog-writer
cara,169487895876712489.jpg,Cara,卡拉,https://www.messagecara.app/,5，5千米赛,3,,16.17%,人工智能驱动的心理健康支持聊天伴侣。,AI平面设计,ai-graphic-design,AI 应用程序生成器,ai-app-builder,AI 开发人员工具,ai-developer-tools
magicblog,169486206950148098.jpg,MagicBlog,魔术博客,https://www.magicblog.ai/,5，4 千米赛,4,,15.08%,在 AI 的帮助下生成完整的博客文章。,写作助理,writing-assistants,AI博客作家,ai-blog-writer,AI 内容生成器,ai-content-generator
grantai,169357210637412977.jpg,GrantAI,格兰特人工智能,https://www.grantai.co/,5，3 千米赛,2,,30.47%,人工智能驱动的赠款合著者帮助更快、更有效地撰写赠款。,大型语言模型 （LLM）,large-language-models-(llms),写作助理,writing-assistants,,
chatrealtor,169582591366550624.jpg,ChatRealtor,ChatRealtor,https://www.chatrealtor.ai/,5，2 千米赛,2,,24.58%,房地产经纪人的 AI 聊天机器人构建器。,AI聊天机器人,ai-chatbot,大型语言模型 （LLM）,large-language-models-(llms),AI回复助手,ai-reply-assistant
jimakuai,169605498719102478.jpg,JimakuAI,JimakuAI,https://jimaku.ai/,5，2 千米赛,1,,19.90%,使用 JimakuAI 转换您的字幕,翻译,translate,字幕或副标题,captions-or-subtitle,AI语音识别,ai-speech-recognition
marketsy-ai,169373364579049137.jpg,Marketsy.ai,Marketsy.ai,https://marketsy.ai/,5，2 千米赛,1,,19.54%,人工智能驱动的电子商务商店建设者在几秒钟内完成。,人工智能网站建设者,ai-website-builder,AI 应用程序生成器,ai-app-builder,AI登陆页面生成器,ai-landing-page-builder
vomo-ai,169547550977968646.jpg,VOMO,VOMO公司,https://vomo.ai/,5，2 千米赛,2,,22.43%,毫不费力地将语音转换为有组织的笔记。,AI语音识别,ai-speech-recognition,AI语音助手,ai-voice-assistants,大型语言模型 （LLM）,large-language-models-(llms)
depshub,169454284163651489.jpg,DepsHub,DepsHub的,https://depshub.com/,< 5K,1,,18.69%,轻松实现依赖关系管理。,AI产品描述生成器,ai-product-description-generator,,,,
turn-texts-into-ai-animated-stories,169582593446379934.jpg,THE FABLE STUDIO,寓言工作室,https://thefablestudio.co/,< 5K,7,,17.88%,由任何文本制作的生动动画故事。无需任何技能。,人工智能故事写作,ai-story-writing,AI角色,ai-character,AI艺术生成器,ai-art-generator
tomate,169605496346626424.jpg,ToMate,托马特,https://www.tomate.ai/,< 5K,0,,34.65%,通过 AI 驱动的响应增强沟通。,AI回复助手,ai-reply-assistant,AI 响应生成器,ai-response-generator,AI 内容生成器,ai-content-generator
scribba-ai,169357213544348955.jpg,Scribba,斯克里巴,https://scribba.online/,< 5K,3,,13.30%,在几分钟内使用 AI 进行转录和字幕。,转录,transcription,AI语音识别,ai-speech-recognition,语音转文本,speech-to-text
dreammate,169511910043411426.jpg,Dreammate.ai,Dreammate.ai,https://dreammate.ai/,< 5K,5,,30.51%,只需几句话即可生成任何图像！,AI照片和图像生成器,ai-photo-image-generator,AI艺术生成器,ai-art-generator,AI自拍和人像,ai-selfie-portrait
videomagic,169578512063148134.jpg,Videomagic,视频魔术,https://www.videomagic.ai/,< 5K,2,,25.86%,几分钟内自动创建视频平台。,AI广告生成器,ai-ad-generator,AI 广告创意助手,ai-ad-creative-assistant,店员,sales-assistant
hell-s-pitching,169605501434134834.jpg,Hell's Pitching,地狱的投球,https://hellspitching.com/,< 5K,2,,41.25%,残酷诚实的助手，为更好的创业公司。,人工智能商业创意生成器,ai-business-ideas-generator,AI广告助手,advertising-assistant,,
suratfit,169454162056343353.jpg,SuratFit,苏拉特菲特,https://suratfit.com/,< 5K,1,,89.06%,个性化锻炼计划和教学视频的整体健身伴侣。,健康,fitness,AI产品描述生成器,ai-product-description-generator,,
revscale,169416706614700702.jpg,Revscale,Revscale,https://www.getrevscale.com/,< 5K,0,,42.09%,通过 Revscale Sales? 加快上市时间和收入。,其他,other,,,,
summarize-this,169538511655582112.jpg,Summarize This,总结一下,https://summarizethis.io/,< 5K,5,,24.39%,免费总结任何内容。,AI广告助手,advertising-assistant,总结器,summarizer,,
leadsourcing,169416706650269139.jpg,Leadsourcing,潜在客户采购,https://leadsourcing.co/,< 5K,0,,56.26%,通过 LinkedIn 和电子邮件推广产生合格的潜在客户。,AI 潜在客户生成,ai-lead-generation,AI广告助手,advertising-assistant,AI电子邮件营销,ai-email-marketing
random-animal-generator,169537284255627344.jpg,RandomAnimalGenerator,随机动物生成器,https://randomanimalgenerator.top/,< 5K,1,,12.95%,有趣而神奇的动物图像生成器。,其他,other,,,,
my-future-children,169582583713529765.jpg,OurBabyAI: See Your Future Baby In AI-Generated Photos,OurBabyAI：在 AI 生成的照片中看到您未来的宝宝,https://www.myfuturechildren.com/,< 5K,2,,22.69%,使用 AI 生成的照片发现您未来孩子的外表。,图像到图像,image-to-image,AI 内容生成器,ai-content-generator,AI照片和图像生成器,ai-photo-image-generator
youtube-chapters,169401556351677449.jpg,YouTubeChapters.app,YouTubeChapters.app,https://youtubechapters.app/,< 5K,4,,20.70%,简化从 YouTube 长视频中提取关键点的过程。,AI YouTube 助手,ai-youtube-assistant,,,,
latentspace,169409392296851173.jpg,Latentspace,潜伏空间,https://www.latentspace.dev/,< 5K,1,,34.85%,您的 AI 数据助手,AI 生产力工具,ai-productivity-tools,AI任务管理,ai-task-management,,
teacherdashboard-ai,169416703596736837.jpg,TeacherDashboard.ai,TeacherDashboard.ai,https://teacherdashboard.ai/,< 5K,1,,22.25%,面向教师的 AI 助手，可简化评分量规创建、作业评分和成绩单注释生成。,AI教育助手,ai-education-assistant,AI 生产力工具,ai-productivity-tools,,
aigpt-free,169486198361253926.jpg,AiGPT,AiGPT的,https://aigptfree.com/,< 5K,4,,22.47%,使用 AiGPT 解锁无限可能，AiGPT 是一款用户友好的 AI 工具，可增强创造力和分析能力。,AI聊天机器人,ai-chatbot,AI 内容生成器,ai-content-generator,大型语言模型 （LLM）,large-language-models-(llms)
car-comparison,169392405586473189.jpg,Car Comparison,汽车比较,https://carcomparisonai.com/,< 5K,1,,28.33%,人工智能驱动的汽车比较和搜索平台。,其他,other,,,,
artology-ai,169582579935850325.jpg,Artology,艺术学,https://artology.ai/,< 5K,7,,19.81%,使用稳定的扩散 AI 艺术生成器创建和管理 AI 图像。,AI艺术生成器,ai-art-generator,AI照片和图像生成器,ai-photo-image-generator,文本转图像,text-to-image
wiz-write,169582590479194743.jpg,Wiz Write,Wiz Write,https://wizwrite.io/,< 5K,1,,27.89%,语音转文本 AI 助手，可实现快速准确的转录。,写作助理,writing-assistants,AI语音助手,ai-voice-assistants,AI客服助理,ai-customer-service-assistant
creato-ai,169470842346069141.jpg,Creato.ai,Creato.ai,https://www.creato.ai/,< 5K,2,,34.85%,人工智能驱动的内容创作平台,AI 广告创意助手,ai-ad-creative-assistant,AI广告生成器,ai-ad-generator,AI广告助手,advertising-assistant
tatship,169454161273943384.jpg,Tatship,塔奇普,https://tatship.com/,< 5K,3,,36.25%,在永久获得纹身设计之前，先尝试纹身设计。,AI纹身生成器,ai-tattoo-generator,AI艺术生成器,ai-art-generator,,
tavern-of-azoth,169416698591629687.jpg,Tavern of Azoth,亚佐斯酒馆,https://tavernofazoth.com/,< 5K,2,,27.71%,用于创建奇幻 RPG 内容的 AI 工具。,AI角色,ai-character,AI 内容生成器,ai-content-generator,,
arch,169454295729047213.jpg,Arch Email Copilot,Arch 电子邮件 Copilot,https://arch.ai/,< 5K,0,,36.97%,AI 电子邮件副驾驶可以有效地压缩、建议和起草电子邮件。,AI电子邮件助手,ai-email-assistant,AI回复助手,ai-reply-assistant,AI 响应生成器,ai-response-generator
haller,169538509388719108.jpg,Haller AI,哈勒人工智能,https://www.haller.ai/,< 5K,1,,73.81%,适用于小型企业和个体企业家的最佳 AI 工具。,AI 内容生成器,ai-content-generator,AI项目管理,ai-project-management,AI 工作流管理,ai-workflow-management
vocut,169582586580441100.jpg,VoCut,VoCut的,https://www.vocut.com/,< 5K,1,,25.39%,AI 驱动的视频编辑助手，可简化编辑。,AI视频编辑器,ai-video-editor,,,,
askyoutube,169486205234791610.jpg,AskYoutube,问Youtube,https://www.askyoutube.ai/,< 5K,5,,27.60%,立即查找最新信息并使用AskYoutube节省时间。,AI视频搜索,ai-video-search,AI YouTube 助手,ai-youtube-assistant,,
promtify,169409379791351409.jpg,Promtify,Promtify的,https://www.promtify.ai/,< 5K,2,,62.20%,将复杂的提示转换为简单的模板。,AI 生产力工具,ai-productivity-tools,AI 内容生成器,ai-content-generator,,
ai-fraudguard-ecommerce,169401549796657107.jpg,Güeno | Plataforma para Prevención de Fraude y Compliance,圭诺 |Plataforma para Prevención de Fraude y Compliance,https://gueno.ai/,< 5K,0,,28.07%,人工智能驱动的电子商务欺诈预防和拒付保护。,其他,other,,,,
zetabot,169454281771367442.jpg,Zetabot,泽塔博特,https://zetabot.co/,< 5K,0,,24.75%,先进的 AI 聊天机器人彻底改变了客户支持。,AI聊天机器人,ai-chatbot,AI广告助手,advertising-assistant,AI产品描述生成器,ai-product-description-generator
waspnote,169374132685176556.jpg,Waspnote,黄蜂,https://waspnote.com/,< 5K,1,,34.25%,使用 AI 驱动的 Waspnote 轻松捕获、组织和管理笔记。,AI产品描述生成器,ai-product-description-generator,AI 笔记助手,ai-notes-assistant,AI 生产力工具,ai-productivity-tools
poddy-ai,169373361231449862.jpg,Poddy.ai,Poddy.ai,https://poddy.ai/,< 5K,2,,45.71%,使用 Poddy.ai 快速生成播客录音。,AI 语音合成,ai-speech-synthesis,AI 播客助手,ai-podcast-assistant,AI语音克隆,ai-voice-cloning
flavored-resume,169357220077743783.jpg,Flavored Resume,风味简历,https://flavoredresume.com/,< 5K,5,,34.37%,定制您的简历并增加面试机会。,简历生成器,ai-resume-builder,人工智能招聘,ai-recruiting,,
keyboard-404,169392402180837695.jpg,Keyboard 404,键盘 404,https://keyboard404.com/,< 5K,2,,27.66%,无穷无尽的 AI 生成的短篇小说，捕捉您的想象力。,AI艺术生成器,ai-art-generator,AI 内容生成器,ai-content-generator,人工智能创意写作,ai-creative-writing
chat-breezes-1-0,169578516498613934.jpg,Social Conversations Manager,社交对话管理器,https://www.chatbreezes.com/,< 5K,2,,41.06%,轻松管理社交互动、促进销售并达成交易。,AI社交媒体助手,ai-social-media-assistant,AI广告助手,advertising-assistant,AI客服助理,ai-customer-service-assistant
cambrean-beta,169401558036365171.jpg,Cambrean,寒武纪,https://cambrean.com/,< 5K,1,,28.69%,第一款同时分析睡眠、营养、锻炼和生命体征的应用程序。,AI产品描述生成器,ai-product-description-generator,AI 应用程序生成器,ai-app-builder,AI数据挖掘,ai-data-mining
magicformat,169401556313692082.jpg,MagicFormat,魔术格式,https://magicform.at/,< 5K,1,,100.00%,使用 AI 技术轻松生成、清理、格式化和扩充数据。,AI 工作流管理,ai-workflow-management,大型语言模型 （LLM）,large-language-models-(llms),AI 内容生成器,ai-content-generator
helio-ai,169454159033636828.jpg,Helio-ai,Helio-ai（日光爱酒店）,https://www.helio-ai.com/,< 5K,3,,31.00%,使用 AI 自动化和改进招聘。,人工智能招聘,ai-recruiting,,,,
mastermallow,169605499298773930.jpg,Mastermallow,大师锦葵,https://mastermallow.com/,< 5K,3,,31.53%,为内容创作者、音乐家和播客提供 AI 驱动的音频母带制作服务。,AI 音频增强器,ai-audio-enhancer,语音和音频编辑,voice-audio-editing,AI广告助手,advertising-assistant
yazo,169582595181897689.jpg,Yazo - AI Content Generator,Yazo - AI 内容生成器,https://yazo.ai/,< 5K,3,,31.12%,使用 AI 轻松生成引人入胜的内容。,AI 内容生成器,ai-content-generator,AI博客作家,ai-blog-writer,,
pouncerai,169373366169755384.jpg,PouncerAI,PouncerAI公司,https://pouncer.ai/,< 5K,3,,26.83%,通过 AI 驱动的建议和视觉增强功能改进 Upwork Profiles。,AI生物生成器,ai-bio-generator,AI 内容生成器,ai-content-generator,,
powerly-ai,169486190845751688.jpg,Powerly.ai,Powerly.ai,https://www.powerly.ai/,< 5K,1,,20.04%,无需代码即可构建自定义 ChatGPT 和聊天机器人。,AI广告助手,advertising-assistant,AI聊天机器人,ai-chatbot,AI广告生成器,ai-ad-generator
lunally,169374136956136729.jpg,Lunally,卢纳利,https://www.lunally.ai/,< 5K,0,,55.75%,将您的浏览器选项卡转变为由 ChatGPT 提供支持的通信中心。,AI广告助手,advertising-assistant,,,,
starcycle,169538515993017562.jpg,Starcycle,星际循环,https://starcycle.ai/,< 5K,1,,62.24%,规划业务的最简单方法，个性化和 AI 生成。,AI聊天机器人,ai-chatbot,,,,
mydataninja,169392408784395917.jpg,MyDataNinja,我的数据忍者,https://mydataninja.com/,< 5K,5,,44.08%,营销自动化平台和先进的PPC软件。,AI广告助手,advertising-assistant,AI 分析助手,ai-analytics-assistant,AI 广告创意助手,ai-ad-creative-assistant
getodata,169357209661084652.jpg,GetOData,GetOData,https://getodata.com/,< 5K,0,,53.62%,人工智能驱动的网站数据提取和导航。,AI文档提取,ai-document-extraction,AI 开发人员工具,ai-developer-tools,网页抓取,ai-web-scraping
clevis,169470841193678014.jpg,Clevis,U型夹,https://clevis.app/,< 5K,2,,24.48%,无需代码即可创建 AI 驱动的应用程序。,AI 应用程序生成器,ai-app-builder,无代码&低代码,no-code-low-code,,
free-ai-for-work,169486194674193013.jpg,ChatChat.Bio,聊天聊天.Bio,https://www.chatchat.bio/,< 5K,0,,48.18%,一个用于碎片化思想和 Midjourney 指导的 AI 对话平台。,其他,other,,,,
overquota-ai,169373359152134432.jpg,OverQuota,超额配额,https://www.overquota.ai/,< 5K,0,,68.08%,指导客户经理在销售会议中转换和赢得更多交易的软件。,AI会议助手,ai-meeting-assistant,,,,
baron-ai,169511915686788146.jpg,Baron,男爵,https://baron.ai/,< 5K,0,,37.43%,用于在任何应用程序中原生启动 ChatGPT 的终极 AI 界面。,AI 生产力工具,ai-productivity-tools,,,,
stylize,169487899672595575.jpg,Stylize,风格化,https://usestylize.com/,< 5K,2,,44.45%,AI 驱动的图像编辑变得简单。,AI照片和图像生成器,ai-photo-image-generator,AI图像增强器,ai-image-enhancer,照片和图像编辑器,photo-image-editor
chatclient,169384066470993167.jpg,ChatClient,聊天客户端,https://chatclient.ai/,< 5K,1,,36.88%,轻松为您的网站创建和集成自定义 AI 聊天机器人。,AI聊天机器人,ai-chatbot,,,,
interviewspark,169454294755321639.jpg,InterviewSpark,采访火花,https://interviewspark.io/,< 5K,0,,51.33%,人工智能驱动的面试准备平台。,人工智能辅导,ai-coaching,AI面试助理,ai-interview-assistant,人工智能招聘,ai-recruiting
sourcio,169401553630893696.jpg,Sourcio,Sourcio （索西奥酒店）,https://sourcio.co/,< 5K,3,,58.00%,革命性的 AI 招聘代理，用于高效的人才招聘。,AI产品描述生成器,ai-product-description-generator,AI广告助手,advertising-assistant,人工智能招聘,ai-recruiting
astrocyte,169470845840484475.jpg,Astrocyte,星形细胞,https://heyastrocyte.com/,< 5K,2,,37.34%,在浏览器中创建 3D AI 角色并与之聊天。,AI角色,ai-character,,,,
aesthetic-room-ai,169416701180271354.jpg,Aesthetic Room AI,Aesthetic Room 人工智能,https://www.aestheticroomai.com/,< 5K,2,,38.35%,用 AI 重新设计您的空间。在几分钟内完成设计。,AI室内和房间设计,ai-interior-room-design,人工智能网站建设者,ai-website-builder,AI网站设计师,ai-website-designer
visualizee-ai,169538510273184471.jpg,Visualizee.ai,Visualizee.ai,https://visualizee.ai/,< 5K,6,,39.32%,在几秒钟内彻底改变建筑渲染。,AI照片和图像生成器,ai-photo-image-generator,AI 内容生成器,ai-content-generator,AI艺术生成器,ai-art-generator
findnlink,169357206847315711.jpg,Findnlink,Findnlink,https://www.findnlink.com/,< 5K,3,,39.25%,通过 AI 驱动的项目生成将想法变为现实。,AI 团队协作,ai-team-collaboration,AI项目管理,ai-project-management,AI 工作流管理,ai-workflow-management
bulkcorrector,169574502589530874.jpg,BulkCorrector,批量校正器,https://bulkcorrector.com/,< 5K,0,,35.99%,自动文本分割和批量校正工具。,AI 语法检查器,ai-grammar-checker,,,,
designgen,169578513973750677.jpg,DesignGen,设计生成,https://designgen.io/,< 5K,1,,68.17%,将复杂的技术转化为优雅、用户友好的产品。,AI设计生成器,ai-design-generator,AI平面设计,ai-graphic-design,设计助理,design-assistant
betterblog-ai,169537282422954085.jpg,BettterBlog.ai,BettterBlog.ai,https://betterblog.ai/,< 5K,2,,64.58%,毫不费力地生成 SEO 优化的文章。,AI 内容生成器,ai-content-generator,AI SEO助手,ai-seo-assistant,大型语言模型 （LLM）,large-language-models-(llms)
happysrt-ai-generated-srt-editor,169608096719059187.jpg,HappySRT,快乐SRT,https://www.happysrt.com/,< 5K,2,,18.88%,毫不费力地生成字幕。,字幕或副标题,captions-or-subtitle,,,,
pixie-page,169401558844239522.jpg,Pixie Page,小精灵页面,https://pixiepage.com/,< 5K,1,,39.19%,AI 艺术和 AI 角色粉丝页面的主页。,AI角色,ai-character,AI动漫艺术,ai-anime-ai-art,AI艺术生成器,ai-art-generator
chippy,169470841282502516.jpg,Chippy,奇皮,https://chippyai.com/,< 5K,1,,44.08%,浏览器扩展，将 AI 驱动的 ChatGPT 带入您的在线浏览。,AI回复助手,ai-reply-assistant,,,,
stems-st-02,169530362487102326.jpg,Stems,茎,https://stems.app/,< 5K,2,,52.67%,强大的音频分离器，用于人声和器乐曲目。,AI 音频增强器,ai-audio-enhancer,AI视频编辑器,ai-video-editor,录音,recording
aiqrhub,169511913889883164.jpg,AIQRHub,AIQRHub,https://aiqrhub.com/,< 5K,1,,26.43%,AIQRHub 是一款在线 AI 二维码生成器，可创建精美而艺术的二维码。,AI广告助手,advertising-assistant,AI艺术生成器,ai-art-generator,,
beard-style-ai,169357211646113600.jpg,Beard Style AI,胡子风格的人工智能,https://www.beardstyleai.com/,< 5K,2,,41.17%,在几分钟内使用 100+ AI 生成的胡须样式改变您的外观。,AI照片和图像生成器,ai-photo-image-generator,AI头像生成器,ai-avatar-generator,AI图像识别,ai-image-recognition
deepsales,169582581357849813.jpg,DeepSales,深度销售,https://deepsales.com/,< 5K,1,,91.22%,通过深度学习实现 B2B 销售转型。,AI 潜在客户生成,ai-lead-generation,AI广告助手,advertising-assistant,,
fruit-fly-trap,169530355795685511.jpg,AI based Drosophila Trapping Solution,基于AI的果蝇诱捕解决方案,https://fruitflytrapai.com/,< 5K,2,,71.99%,使用基于 AI 的果蝇诱捕解决方案摆脱果蝇。,其他,other,,,,
1photoai,169504156655791136.png,1PhotoAI,1照片人工智能,https://1photoai.com/,< 5K,7,,35.13%,专业AI爆头10秒。,AI照片和图像生成器,ai-photo-image-generator,AI 照片增强器,ai-photo-enhancer,AI头像生成器,ai-avatar-generator
hellohola,169605450069461722.jpg,Hellohola,你好霍拉,https://www.hellohola.app/,< 5K,5,,100.00%,用自然语音翻译具有口型同步功能的视频。,翻译,translate,AI语音识别,ai-speech-recognition,AI 语音合成,ai-speech-synthesis
fantasaur,169409381919632155.jpg,Fantasaur,Fantasaur（方塔龙酒店）,https://www.fantasaur.com/,< 5K,3,,35.16%,为儿童提供个性化的 AI 睡前故事。,AI 内容生成器,ai-content-generator,人工智能故事写作,ai-story-writing,AI角色,ai-character
iwish,169454292072047090.jpg,iWish AI,iWish 人工智能,https://www.iwish.ai/,< 5K,0,,42.36%,用于角色扮演和技能发展的人工智能销售培训平台。,AI产品描述生成器,ai-product-description-generator,店员,sales-assistant,AI聊天机器人,ai-chatbot
ai4crafts,169605449636299700.jpg,AI4CRAFTS,AI4CRAFTS,https://ai4crafts.com/,< 5K,0,,100.00%,释放创造力和手工艺的未来。,AI 内容生成器,ai-content-generator,AI艺术生成器,ai-art-generator,AI照片和图像生成器,ai-photo-image-generator
maxime,169486206856727856.jpg,Maxime Tools - Legal AI Research,Maxime Tools - 法律人工智能研究,https://maxime.tools/,< 5K,1,,35.76%,值得信赖的 AI 副驾驶为法律团队提供增强的条款检索、生成式聊天功能和可靠的摘要。,大型语言模型 （LLM）,large-language-models-(llms),法律助理,legal-assistant,AI 知识库,ai-knowledge-base
gen-expert,169454293895847019.jpg,GenExpert.io,GenExpert.io,https://genexpert.io/,< 5K,2,,43.73%,增强了生成式 AI 和 ChatGPT 的用户界面。自定义模型，使用引人入胜的提示，节省时间并确保隐私。,其他,other,,,,
i-imagine,169401552870482653.jpg,IIMAGINE,IIMAGINE,https://iimagine.ai/,< 5K,0,,54.64%,用于业务管理的专用 AI 聊天机器人。,AI聊天机器人,ai-chatbot,AI 内容生成器,ai-content-generator,AI 工具目录,ai-tools-directory
repodex,169373363555562191.jpg,Repodex,Repodex,https://www.repodex.ai/,< 5K,4,,71.92%,人工智能驱动的代码错误识别和修复。,AI 代码助手,ai-code-assistant,AI 代码重构,ai-code-refactoring,AI 开发人员工具,ai-developer-tools
diddo-ai,169574504064305052.jpg,Diddo,迪多,https://diddo.chat/,< 5K,1,,100.00%,根据您的业务需求构建定制的 GPT 聊天机器人。,AI聊天机器人,ai-chatbot,,,,
archonet,169454279430965880.jpg,Archonet,执政官,https://archonet.co/,< 5K,1,,57.41%,AI-First 平台将您与设计合作伙伴、承包商和材料供应商联系起来，以实现无缝的家居室内设计。,AI室内和房间设计,ai-interior-room-design,AI项目管理,ai-project-management,AI 工作流管理,ai-workflow-management
vplate-video-ads-chat-gpt-plugin,169416700889750567.jpg,VPLATE,VPLATE公司,https://vplate.io/,< 5K,4,,51.22%,自动短视频广告创建插件。,AI广告生成器,ai-ad-generator,AI广告助手,advertising-assistant,AI 广告创意助手,ai-ad-creative-assistant
web-crawl-by-web-transpose,169487900066209763.jpg,Web Transpose,Web 转置,https://webtranspose.com/,< 5K,3,,38.37%,将网站转换为 LLM 数据集,网页抓取,ai-web-scraping,AI 开发人员工具,ai-developer-tools,AI聊天机器人,ai-chatbot
budgetseo,169486202683263029.jpg,BudgetSEO,预算搜索引擎优化,https://budgetseo.xyz/,< 5K,0,,54.91%,人工智能驱动的 SEO 文章，价格实惠。,AI SEO助手,ai-seo-assistant,AI广告助手,advertising-assistant,AI 内容生成器,ai-content-generator
octogen-an-open-source-code-interpreter,169605494760838289.jpg,Octogen,八分之一,https://octogen.dev/,< 5K,2,,45.20%,由 GPT3.5/4 和 Codellama 提供支持的开源代码解释器。,AI 代码助手,ai-code-assistant,代码说明,ai-code-explanation,AI 开发人员工具,ai-developer-tools
my-ai-ninja,169578506323817379.jpg,My AI Ninja,我的 AI 忍者,https://www.myai.ninja/,< 5K,1,,70.11%,GPT-4 强大的写作助手，满足各种内容需求。,写作助理,writing-assistants,一般写作,general-writing,AI 内容生成器,ai-content-generator
magicsnap-ai,169373363158742752.jpg,Magicsnap,魔术捕捉,https://magicsnap.ai/,< 5K,3,,38.05%,将自拍照转换为受角色启发的照片。,AI个人资料图片生成器,ai-profile-picture-generator,AI自拍和人像,ai-selfie-portrait,图像到图像,image-to-image
coflow,169582592655155550.jpg,Coflow,共流,https://joincoflow.com/,< 5K,1,,33.85%,使用无代码 AI 自动执行任务。,AI 工作流管理,ai-workflow-management,AI项目管理,ai-project-management,AI任务管理,ai-task-management
pandas-make,169401559127506128.jpg,PandasMake,熊猫制造,https://www.pandasmake.com/,< 5K,2,,100.00%,人工智能驱动的标志设计网站。,AI标志生成器,ai-logo-generator,AI艺术生成器,ai-art-generator,AI设计生成器,ai-design-generator
footagentexam-com,169454296576858200.jpg,FootAgentExam.com,FootAgentExam.com,https://www.footagentexam.com/,< 5K,1,,38.71%,通过人工智能驱动的学习和互动测验掌握 FIFA 足球经纪人考试。,AI广告助手,advertising-assistant,AI产品描述生成器,ai-product-description-generator,AI 测验,ai-quizzes
nero-muse-the-burning-art-of-cd,169416702795633072.jpg,Nero Muse - AI Art Generator,Nero Muse - AI艺术生成器,https://muse.nero.com/,< 5K,3,,32.21%,用 AI 艺术唤醒记忆。,AI艺术生成器,ai-art-generator,,,,
coxpost,169470102448943382.jpg,CoxPost,考克斯邮政,https://www.coxpost.com/,< 5K,3,,59.94%,人工智能驱动的社交媒体管理平台。安排帖子、自动回复评论、与客户互动等。,AI聊天机器人,ai-chatbot,AI电子邮件营销,ai-email-marketing,AI 潜在客户生成,ai-lead-generation
comment-explorer,169530356664011676.jpg,Comment Explorer,注释资源管理器,https://www.commentexplorer.com/,< 5K,2,,55.98%,用于分析 Youtube 评论的 AI 工具。,AI 分析助手,ai-analytics-assistant,,,,
social-plans,169608096284818475.jpg,Astroship Social Ideas & Plans,Astroship社会理念与计划,https://socialplans.co/,< 5K,3,,89.39%,带有 TailwindCSS 的 Astro 入门网站模板。,AI 内容生成器,ai-content-generator,AI广告助手,advertising-assistant,AI Facebook 助手,ai-facebook-assistant
chatshelf,169530363374314501.jpg,ChatShelf,聊天架,https://shelf.chat/,< 5K,1,,52.65%,ChatShelf：毫不费力地将 ChatGPT 对话保存到 Notion。,人工智能网站建设者,ai-website-builder,AI网站设计师,ai-website-designer,,
chatbros,169454283233487276.jpg,ChatBros.ai,ChatBros.ai,https://chatbros.ai/,< 5K,0,,45.19%,您的个性化 AI 助手，用于工作和目标。,AI聊天机器人,ai-chatbot,,,,
professional-ai-resume-picture-generator,169374133483325229.jpg,Bewerbungsfoto Online,Bewerbungsfoto 在线,https://bewerbungsfoto-online.com/,< 5K,0,,30.74%,将自拍变成专业的应用照片。,AI照片和图像生成器,ai-photo-image-generator,AI头像生成器,ai-avatar-generator,AI个人资料图片生成器,ai-profile-picture-generator
camocopy,169511683173069646.jpg,CamoCopy,迷彩复制,https://www.camocopy.com/,< 5K,4,,22.37%,以隐私为中心的 AI 助手，可提高生产力。,AI 内容生成器,ai-content-generator,AI广告助手,advertising-assistant,AI聊天机器人,ai-chatbot
bytebricks,169608097373911671.jpg,ByteBricks.ai,ByteBricks.ai,https://bytebricks.ai/,< 5K,2,,100.00%,使用我们的 API 简化职位列表流程。,AI API 设计,ai-api-design,人工智能招聘,ai-recruiting,,
dsnr,169470095129534113.jpg,DSNR,DSNR的,https://dsnr.ai/,< 5K,5,,87.48%,AI 提示生成令人惊叹的图像。,AI艺术生成器,ai-art-generator,提示,prompt-1,,
respectablyai,169357205945675181.jpg,RespectablyAI,尊敬的人工智能,https://respectablyai.com/,< 5K,1,,100.00%,通过 AI 支持的语气分析改善数字对话。,AI内容检测器,ai-content-detector,,,,
i18n-studio,169578509545631937.jpg,I18n Studio,I18n 工作室,https://i18n.studio/,< 5K,0,,37.03%,使用 GPT4 简化软件本地化。,翻译,translate,,,,
everlearns,169538511343060023.jpg,EverLearns,EverLearns的,https://everlearns.co/,< 5K,3,,51.89%,通过个性化学习路径和自动测验更快地学习。,AI教育助手,ai-education-assistant,人工智能课程,ai-course,AI 测验,ai-quizzes
out-of-the-blue,169578520757341296.jpg,Out Of The Blue,出乎意料,https://outoftheblue.ai/,< 5K,0,,37.61%,人工智能驱动的电子商务收入平台。,AI 分析助手,ai-analytics-assistant,AI广告助手,advertising-assistant,AI内容检测器,ai-content-detector
smart-circuit-ai,169416696566790346.jpg,Smart Circuit AI,智能电路 AI,https://smartcircuitai.com/,< 5K,3,,100.00%,使用 SmartCircuitAI 将创建 SEO 优化和独特的内容的速度提高 10 倍。,其他,other,,,,
re-write,169357213499162014.jpg,re:write,re：写,https://rewritegpt.com/,< 5K,3,,100.00%,由 GPT-3.5-turbo 提供支持的写作助手。,AI 内容生成器,ai-content-generator,AI 重写器,ai-rewriter,,
pressroom-ai,169357214354504194.jpg,Press Room,新闻发布室,https://www.pressroom.ai/,< 5K,0,,100.00%,通过Press Room的AI驱动的SEO提高Google排名和自然流量。,AI SEO助手,ai-seo-assistant,AI广告助手,advertising-assistant,AI 潜在客户生成,ai-lead-generation
simpler-ai,169605446439264083.jpg,Simpler.AI,Simpler.AI,https://www.simpler.ai/,< 5K,0,,42.39%,与 AI 共同编写您的内容，不受干扰。,AI 内容生成器,ai-content-generator,一般写作,general-writing,AI 重写器,ai-rewriter
qvantify,169357209791794682.jpg,Interview Bot,面试机器人,https://www.qvantify.com/,< 5K,3,,44.92%,利用 AI 实现远程面试转型。,AI面试助理,ai-interview-assistant,研究工具,research-tool,,
boostramp,169470845097746448.jpg,Boostramp,Boostramp,https://boostramp.com/,< 5K,3,,30.05%,汇总 SEO 数据并提供可操作的建议。,AI SEO助手,ai-seo-assistant,人工智能搜索引擎,ai-search-engine,AI广告助手,advertising-assistant
popstory,169409387493313762.jpg,PopStory!!,流行故事！！,https://popstory.co.uk/,< 5K,1,,68.31%,为预读儿童创建带有图片的独特有声读物。,人工智能故事写作,ai-story-writing,AI 内容生成器,ai-content-generator,,
beaseness,169454160344962278.jpg,Beaseness,舒适度,https://www.beaseness.com/,< 5K,2,,50.08%,使用 AI 验证和规划您的商业理念。,人工智能商业创意生成器,ai-business-ideas-generator,AI WORD字,ai-word,人工智能网站建设者,ai-website-builder
olle-ai-powered-toolbar-assistant,169470096079576355.jpg,Olle,奥勒,https://olle.ai/,< 5K,0,,100.00%,您的 AI 工具栏助手，可实现无缝的网站和应用程序使用。,AI回复助手,ai-reply-assistant,AI 响应生成器,ai-response-generator,AI 生产力工具,ai-productivity-tools
workorb-ai,169392403233967695.jpg,Workorb AI,Workorb 人工智能,https://workorb.ai/,< 5K,0,,53.74%,自动化任务并改善面向客户的团队的成果。,大型语言模型 （LLM）,large-language-models-(llms),AI 工作流管理,ai-workflow-management,AI任务管理,ai-task-management
dymaxion,169401552273964462.jpg,Dymaxion,Dymaxion（戴迈森）,https://www.dymaxion.design/,< 5K,3,,65.66%,人工智能驱动的室内设计，为您独特的生活方式。,AI设计生成器,ai-design-generator,AI室内和房间设计,ai-interior-room-design,AI网站设计师,ai-website-designer
logogratuit,169392406417776636.jpg,LogoGratuit.fr,LogoGratuit.fr,https://logogratuit.fr/,< 5K,4,,41.85%,数十个用于游戏、健身、人工智能和金融科技项目的免费徽标。,AI标志生成器,ai-logo-generator,AI设计生成器,ai-design-generator,AI 工具目录,ai-tools-directory
butterfish-shell,169605492681260931.jpg,Butterfish,蝴蝶鱼,https://butterfi.sh/,< 5K,0,,58.53%,拥有 AI 超能力的壳牌,AI 代码助手,ai-code-assistant,AI 开发人员工具,ai-developer-tools,AI 开发人员文档,ai-developer-docs
cerbrec-graphbook,169454286750681971.jpg,Cerbrec Graphbook,Cerbrec Graphbook,https://www.cerbrec.com/,< 5K,1,,42.24%,简化模型开发并专注于架构。,其他,other,,,,
eat-smart,169605447356159963.jpg,Nutrition AI,营养人工智能,https://eatsmart.life/,< 5K,1,,43.46%,个性化的饮食计划，满足您独特的营养需求。,健康,fitness,,,,
talent-dojo,169373365314175892.jpg,Talent Dojo,人才道场,https://www.talentdojo.io/,< 5K,1,,57.02%,从LinkedIn个人资料生成匿名简历。,简历生成器,ai-resume-builder,,,,
travelgenie,169416705772502623.jpg,TravelGenie,旅游精灵,https://travelgenie.world/,< 5K,0,,73.68%,使用 TravelGenie 轻松规划您的梦想假期。,AI旅行规划师,ai-trip-planner,,,,
thehomedecorai,169605441565227492.jpg,TheHomeDecorAI,TheHomeDecorAI的,https://thehomedecorai.com/,< 5K,2,,59.12%,您的 AI 驱动设计伴侣,AI设计生成器,ai-design-generator,AI室内和房间设计,ai-interior-room-design,AI图像增强器,ai-image-enhancer
textart-ai-legible-text-image-generator,169578507313769230.jpg,TextArt AI,文本艺术 AI,https://textartai.com/,< 5K,4,,51.62%,用于有影响力的设计的 AI 图像生成器,AI广告助手,advertising-assistant,AI海报生成器,ai-poster-generator,AI广告生成器,ai-ad-generator
study-plannr,169373366382509756.jpg,Study Plannr,学习计划,https://studyplannr.com/,< 5K,1,,79.79%,由AI优化的个性化学习计划。,AI教育助手,ai-education-assistant,家庭作业助手,ai-homework-helper,AI任务管理,ai-task-management
audiobriefs,169582584890818914.jpg,AudioBriefs,音频简报,https://www.audiobriefs.app/,< 5K,1,,46.58%,将音频消息转换为文本，以便更轻松地进行对话管理。,AI 音频增强器,ai-audio-enhancer,AI语音识别,ai-speech-recognition,语音转文本,speech-to-text
hotseat-ai,169582585788972595.jpg,Hotseat AI,热座人工智能,https://hotseatai.com/,< 5K,0,,59.57%,为欧盟人工智能法案提供人工智能驱动的问答服务。,AI聊天机器人,ai-chatbot,法律助理,legal-assistant,,
qantto,169409379663039089.jpg,Qantto,澳洲航空,https://qantto.io/,< 5K,0,,38.17%,通过自动和个性化报价简化销售。,AI 分析助手,ai-analytics-assistant,AI 潜在客户生成,ai-lead-generation,店员,sales-assistant
virtual-friends,169511909611678337.jpg,Virtual Friends,虚拟朋友,https://virtualfriends.ai/,< 5K,6,,71.33%,与 AI 角色进行 Face2face 聊天。实时语音聊天。3D动画。,AI头像生成器,ai-avatar-generator,AI角色,ai-character,AI艺术生成器,ai-art-generator
build-your-private-gpt-no-code-required,169578514772072665.jpg,Ai Flow,人工智能流,https://www.leapbox.ai/,< 5K,0,,77.18%,利用 AI 升级知识使用情况,大型语言模型 （LLM）,large-language-models-(llms),AI 工具目录,ai-tools-directory,,
aurum-kuberx,169454288570039957.jpg,Aurum KuberX,Aurum KuberX,https://www.aurumkuberx.com/,< 5K,0,,100.00%,准确的贷款建议和最佳融资方案。,人工智能网站建设者,ai-website-builder,AI网站设计师,ai-website-designer,,
app-mint-ai,169605448412814098.jpg,App Mint AI,App Mint 人工智能,http://appmintai.com/,< 5K,0,,100.00%,使用 AI 文本应用程序激发您的创造力。,AI 应用程序生成器,ai-app-builder,AI 内容生成器,ai-content-generator,,
edgar,169578513074776342.jpg,Edgar,埃 德 加,https://edgar.so/,< 5K,0,,63.34%,用于个人和职业生活的 AI 助手，节省您的时间。,AI聊天机器人,ai-chatbot,AI项目管理,ai-project-management,AI 生产力工具,ai-productivity-tools
gotomarket-ai,169454277263316217.jpg,GoToMarket-AI,GoToMarket-人工智能,https://www.gotomarket-ai.com/,< 5K,1,,79.19%,通过 AI 驱动的营销策略提高销售额和品牌知名度。,AI广告助手,advertising-assistant,AI咨询助理,ai-consulting-assistant,AI电子邮件营销,ai-email-marketing
modernquery,169357216377514203.jpg,ModernQuery,ModernQuery的,https://www.modernquery.io/,< 5K,1,,51.47%,增强网站搜索并添加 ChatGPT 对话式搜索，无需编码。,人工智能搜索引擎,ai-search-engine,AI广告助手,advertising-assistant,,
cv-match-pro,169487894615762196.jpg,CV Match Pro,CV Match 专业版,https://cvmatch.pro/,< 5K,1,,55.19%,量身定制的针对特定职位的简历建议。,简历生成器,ai-resume-builder,人工智能招聘,ai-recruiting,AI广告助手,advertising-assistant
mybrandgen-com,169605500732885483.jpg,myBrandgen.com,myBrandgen.com,https://mybrandgen.com/,< 5K,3,,47.95%,在几秒钟内获得个性化的品牌标识。,AI设计生成器,ai-design-generator,AI标志生成器,ai-logo-generator,人工智能商业创意生成器,ai-business-ideas-generator
prompt-manager-pro,169511911813634116.jpg,Prompt Manager Pro,提示管理器专业版,https://prompt-manager-pro.com/,< 5K,4,,100.00%,轻松编写和维护应用程序提示。,提示,prompt-1,AI项目管理,ai-project-management,AI 工作流管理,ai-workflow-management
medvise,169454158193609668.jpg,Medvise,梅德维斯,https://www.medvise.ai/,< 5K,2,,63.54%,由人工智能提供支持的实时划线服务，无需手动数据输入和医疗编码。,医疗,healthcare,AI聊天机器人,ai-chatbot,,
careergpt,169384062447383085.jpg,CareerGPT,职业GPT,https://www.careergpt.xyz/,< 5K,4,,72.41%,通过生成式 AI 彻底改变求职方式。,人工智能招聘,ai-recruiting,简历生成器,ai-resume-builder,,
white-label-chatgpt,169486191965699202.jpg,Powerly.ai,Powerly.ai,https://www.whitelabelchatgpt3.com/,< 5K,1,,70.17%,使用 Powerly.ai 的用户友好界面轻松构建自定义聊天机器人。,AI聊天机器人,ai-chatbot,,,,
ai-generating-content,169487896787691034.jpg,AI Generating,人工智能生成,http://aigenerating.online/,< 5K,20,,,AI 生成将所有 AI 生成器和内容类型合并到一个订阅中。,写作助理,writing-assistants,AI 内容生成器,ai-content-generator,一般写作,general-writing
gowhisper,169357208558538867.jpg,GoWhisper,GoWhisper的,https://gowhisper.io/,< 5K,4,,100.00%,无缝且安全的音频转录应用程序。,AI产品描述生成器,ai-product-description-generator,转录,transcription,AI路线图生成器,ai-roadmap-generator
qex-ai,169470100584838859.jpg,Qex AI,Qex 人工智能,https://qexai.com/,< 5K,0,,92.61%,通过电子邮件处理您的工作任务的智能助手。,AI电子邮件助手,ai-email-assistant,AI回复助手,ai-reply-assistant,AI 响应生成器,ai-response-generator
8-arc,169605493948779956.jpg,8Arc,8弧,https://8arc.xyz/,< 5K,3,,,人工智能驱动的文本到电影平台。根据您的想法创建和观看短片。,其他,other,,,,
teamfeedback,169605447570571573.jpg,TeamFeedback - employee feedback tool,TeamFeedback - 员工反馈工具,https://teamfeedback.co/,< 5K,1,,78.79%,使用 TeamFeedback 的多功能员工反馈工具提高生产力、敬业度和保留率。,AI产品描述生成器,ai-product-description-generator,,,,
topdesign-ai,169384067239774490.jpg,TopDesign AI,TopDesign 人工智能,https://topdesign.ai/,< 5K,6,,40.20%,使用 AI 驱动的设计创建令人惊叹的网站。,AI设计生成器,ai-design-generator,,,,
generate-proposal,169487893635454127.jpg,AI-Powered Proposal Generator Chrome Extension,AI 驱动的提案生成器 Chrome 扩展程序,https://generateproposal.com/,< 5K,3,,100.00%,使用我们的 AI 驱动的 Chrome 扩展程序轻松创建量身定制的提案。,AI 内容生成器,ai-content-generator,写作助理,writing-assistants,AI 响应生成器,ai-response-generator
depopaid,169605444638738982.jpg,DepopAid,DepopAid（英语：DepopAid）,https://depopaid.com/,< 5K,2,,,毫不费力地提升您的 Depop 成功。,电子商务助理,e-commerce-assistant,AI社交媒体助手,ai-social-media-assistant,店员,sales-assistant
synced-so,169486206157572974.jpg,Synced,同步,https://synced.so/,< 5K,0,,100.00%,使用 Notion 将 AI 帮助中心添加到您的网站。轻松增强工作流程。,人工智能网站建设者,ai-website-builder,AI 知识库,ai-knowledge-base,AI SEO助手,ai-seo-assistant
a2o-ai,169416702947989329.jpg,A2O,答2O,https://a2o.ai/,< 5K,1,,100.00%,使用生成式 AI 提供精确的数据答案。,AI聊天机器人,ai-chatbot,AI 内容生成器,ai-content-generator,,
stamina-ai,169530359448719716.jpg,Stamina AI,耐力 AI,https://www.stamina.chat/,< 5K,1,,100.00%,人工智能心理学家帮助您克服焦虑和压力。,心理健康,mental-health,AI产品描述生成器,ai-product-description-generator,AI广告助手,advertising-assistant
zen-ai,169470838612822587.jpg,ZEN AI | Customer Service AI For Everyone,禅艾 |面向所有人的客户服务 AI,https://www.zenai.cc/,< 5K,1,,100.00%,自适应 AI 提供卓越的客户服务。,AI聊天机器人,ai-chatbot,AI客服助理,ai-customer-service-assistant,AI回复助手,ai-reply-assistant
ailliot,169373364320328435.jpg,Ailliot Real Estate AI Assistant,Ailliot 房地产 AI 助手,https://ailliot.com/,< 5K,3,,100.00%,自动为房地产企业创建房产列表。,AI 内容生成器,ai-content-generator,,,,
gengo-app,169574500589884540.jpg,gengo.app,gengo.app,https://gengo.app/,< 5K,0,,100.00%,一个使用语言学习工具阅读漫画和轻小说的平台。,其他,other,,,,
mi-cuento-digital,169373360061232654.jpg,Mi cuento digital,Mi cuento digital,https://micuentodigital.es/,< 5K,7,,100.00%,Crea cuentos personalizados en minutos con IA y transmite aprendizajes.,人工智能故事写作,ai-story-writing,,,,
mystoria,169608099419837300.jpg,Mystoria.xyz,Mystoria.xyz,https://mystoria.xyz/,< 5K,3,,100.00%,根据孩子的愿望塑造睡前故事。,人工智能故事写作,ai-story-writing,人工智能创意写作,ai-creative-writing,AI 内容生成器,ai-content-generator
instantdiffusion-ai-art-generation-lab,169605442466181871.jpg,InstantDiffusion,瞬时扩散,https://www.instantdiffusion.com/,< 5K,0,,100.00%,最快的基于云的稳定扩散，具有强大的硬件。,AI广告助手,advertising-assistant,AI艺术生成器,ai-art-generator,AI 内容生成器,ai-content-generator
superquiz,169416704750843180.jpg,SuperQuiz,超级测验,https://getsuperquiz.com/,< 5K,2,,100.00%,AI 驱动的测验变得简单,AI 测验,ai-quizzes,AI教育助手,ai-education-assistant,AI演示生成器,ai-presentation-generator
dtrack-finder,169392407493076516.jpg,DTrack-Finder,DTrack-Finder（DTrack-查找器）,https://dtrack-finder.com/,< 5K,3,,100.00%,团结党，为党注入活力,AI广告助手,advertising-assistant,AI产品描述生成器,ai-product-description-generator,,
ideal-hire-ai,169608097773776022.jpg,Ideal Hire,理想租用,https://idealhireai.com/,< 5K,2,,100.00%,快速准确地找到工作的最佳候选人。,人工智能招聘,ai-recruiting,简历生成器,ai-resume-builder,,
optimus-drive-optimusdrive-ai,169470095141023635.jpg,Optimus - Crunch Mediaworks,擎天柱 - Crunch Mediaworks,https://optimusdrive.ai/,< 5K,4,,100.00%,具有专利技术的革命性视频处理平台。,AI广告助手,advertising-assistant,AI图像增强器,ai-image-enhancer,AI 照片增强器,ai-photo-enhancer
zist,169357220050811696.jpg,Zist,齐斯特,https://zistapp.xyz/,< 5K,1,,,毫不费力地组织和访问您的代码片段和 GitHub Gist。,写作助理,writing-assistants,AI 开发人员工具,ai-developer-tools,AI 代码助手,ai-code-assistant
textphoto,169401557118121035.jpg,TextPhoto,文字照片,https://textphoto.app/,< 5K,5,,,从图片创建文字艺术作品。,AI照片和图像生成器,ai-photo-image-generator,AI艺术生成器,ai-art-generator,AI广告生成器,ai-ad-generator
job-prompts,169486195137348418.jpg,Job Prompts,作业提示,https://jobprompts.ai/,< 5K,1,,,通过 AI 提示提高工作效率和绩效。,AI 生产力工具,ai-productivity-tools,AI项目管理,ai-project-management,AI任务管理,ai-task-management
giveflag,169530365384701565.jpg,GiveFlag,给标志,https://www.giveflag.com/,< 5K,1,,,利用 AI 驱动的商业智能解锁洞察。,AI 潜在客户生成,ai-lead-generation,AI 文档助手,ai-documents-assistant,AI聊天机器人,ai-chatbot
choosier,169357207364318677.jpg,Choosier,选择者,https://choosier.app/,< 5K,0,,,快速自信地对设计、照片、样式和颜色做出决策。,其他,other,,,,
messa,169357215460735089.jpg,MESSA,梅萨,https://www.messa.app/,< 5K,0,,,在解决引人入胜的练习的同时学习。通过个性化反馈提高您的模拟联合国技能。,AI教育助手,ai-education-assistant,人工智能课程,ai-course,AI 测验,ai-quizzes
clipgen,169373360044494072.jpg,ClipGen,快捷,https://www.clipgen.io/,< 5K,7,,100.00%,将长篇播客转换为优化的短片。,AI 播客助手,ai-podcast-assistant,AI Repurpose 助手,ai-repurpose-assistant,AI短片生成器,ai-short-clips-generator
tripzi,169373360911852511.jpg,TripZi,特里普兹,http://trytripzi.com/,< 5K,2,,,使用 TripZi 毫不费力地从网页中提取和保存位置。,AI地图生成器,ai-maps-generator,AI旅行规划师,ai-trip-planner,,
bot-butcher,169392409695171218.jpg,Bot Butcher,机器人屠夫,https://botbutcher.com/,< 5K,1,,66.19%,使用 AI 阻止联系表单垃圾邮件。,AI 工具目录,ai-tools-directory,AI广告助手,advertising-assistant,AI内容检测器,ai-content-detector
talklab,169392410288048168.jpg,Talklab,Talklab的,https://talklab.tech/,< 5K,0,,,人工智能驱动的聊天分析平台，提供可操作的见解。,AI 分析助手,ai-analytics-assistant,AI客服助理,ai-customer-service-assistant,,
crypto-tide-price-prediction-algorithm,169401549661828694.jpg,Crypto Tide,加密潮汐,https://cryptotide.ai/,< 5K,3,,,提供准确加密货币价格预测的人工智能工具。,区块链,blockchain,AI 交易机器人助手,ai-trading-bot-assistant,投资助理,investing-assistant
snapmeasureai,169409384617170814.jpg,SnapMeasureAI,SnapMeasureAI,https://snapmeasureai.com/,< 5K,2,,,精确的 3D 人体测量，只需几张图像或一个短视频即可达到 98.7% 的准确率。,AI服装生成器,ai-clothing-generator,AI图像识别,ai-image-recognition,AI产品描述生成器,ai-product-description-generator
improvalai,169416697121640604.jpg,ImprovalAI,即兴人工智能,https://improvalai.com/,< 5K,3,,100.00%,使用 AI 恢复、着色和改进图片。生成未来的子照片。,AI 着色,ai-colorize,AI图像增强器,ai-image-enhancer,AI 照片增强器,ai-photo-enhancer
recipeasy,169416701714249977.jpg,Recipeasy,Recipeasy,https://recipeasy.xyz/,< 5K,2,,,人工智能驱动的食谱生成器，可快速轻松地创建膳食。,AI 食谱助手,ai-recipe-assistant,AI烹饪助手,ai-cooking-assistant,AI 内容生成器,ai-content-generator
aunetta,169454282566317129.jpg,Aunetta,奥内塔,https://aunetta.com/,< 5K,1,,,使用 Aunetta 录制聊天、获取转录并深入了解演讲者见解。,其他,other,,,,
pocket-hansei,169454283440864750.jpg,Pocket Hansei,口袋汉世,https://pocket.hansei.app/,< 5K,3,,,您的私人助理，提供即时答案。,AI聊天机器人,ai-chatbot,AI教育助手,ai-education-assistant,AI 知识库,ai-knowledge-base
docuspeed,169454293851683608.jpg,DocuSpeed,DocuSpeed （英语：DocuSpeed）,https://docuspeed.ai/,< 5K,2,,61.18%,使用 DocuSpeed 的 AI 辅助彻底改变您的阅读体验。,人工智能书籍写作,ai-book-writing,,,,
sharurai-xbot,169470096951876741.jpg,SharurAI Xbot,SharurAI Xbot,https://sharurai.com/,< 5K,0,,,面向企业的创新 AI 聊天机器人。,AI聊天机器人,ai-chatbot,大型语言模型 （LLM）,large-language-models-(llms),AI客服助理,ai-customer-service-assistant
cmdkay,169470097778990058.jpg,CmdKay,CmdKay的,https://www.cmdkay.com/,< 5K,0,,,使用 CmdKay 快速获取网页响应。,AI 浏览器生成器,ai-browsers-builder,AI 生产力工具,ai-productivity-tools,,
script-pro,169470837660019826.jpg,Discover Script Pro,探索 Script Pro,http://aiscript.pro/,< 5K,8,,100.00%,具有 TikTok 脚本生成、智能摘要和推文生成器的终极内容伴侣。,AI代码生成器,ai-code-generator,AI 开发人员工具,ai-developer-tools,AI脚本编写,ai-script-writing
apex-ai,169486192364537815.jpg,APEX | Artium Product Explorer,顶点 |Artium 产品浏览器,https://useapex.io/,< 5K,1,,,利用 LLM 的强大功能来增强敏捷产品管理、设计和工程。,AI广告助手,advertising-assistant,AI产品描述生成器,ai-product-description-generator,AI广告生成器,ai-ad-generator
cloudstudio,169486207756314404.jpg,CloudStudio,云工作室,https://cloudstudio.ai/,< 5K,3,,,支持 AI 的视频编辑器，用于专业视频。,字幕或副标题,captions-or-subtitle,照片和图像编辑器,photo-image-editor,AI背景去除器,ai-background-remover
genieeai,169486207861912060.jpg,Geniee AI,精灵 AI,https://genieeai.com/,< 5K,1,,100.00%,革命性的浏览器扩展，用于使用 ChatGPT 创建内容。,AI 内容生成器,ai-content-generator,AI电子邮件生成器,ai-email-generator,AI 电子邮件编写器,ai-email-writer
fusionclips,169487892715464994.jpg,Fusion Clips AI,Fusion Clips 人工智能,https://fusionclips.pro/,< 5K,9,,35.53%,将长时间的直播流转换为引人入胜的剪辑。,AI短片生成器,ai-short-clips-generator,AI广告助手,advertising-assistant,,
pricein-same-product-lower-price,169511682958232100.jpg,Pricein,普莱斯,https://pricein.ai/,< 5K,3,,100.00%,在线以更低的价格找到相同的产品。,其他,other,,,,
kywrd,169530358340868351.jpg,KYWRD AI - AI Powered SEO Keyword Assistant,KYWRD AI - AI 驱动的 SEO 关键字助手,https://kywrd.com/,< 5K,0,,,人工智能驱动的 SEO 关键字助手，可为优化网站 SEO 生成相关关键字。,AI 工具目录,ai-tools-directory,AI 内容生成器,ai-content-generator,AI SEO助手,ai-seo-assistant
content-canvas,169538509975850305.jpg,Content Canvas,内容画布,https://contentcanvas.ai/,< 5K,3,,,用于快速创建 Web 内容的 AI 工具,AI SEO助手,ai-seo-assistant,AI 内容生成器,ai-content-generator,,
msgeasy-for-youtube,169574499491778673.jpg,MsgEasy,MsgEasy的,https://msgeasy.com/,< 5K,0,,,用于个性化 YouTube 评论回复的 AI 驱动的应用程序。,AI回复助手,ai-reply-assistant,AI YouTube 助手,ai-youtube-assistant,AI 响应生成器,ai-response-generator
x-me-ai-video-generator,169574505816388353.jpg,X-Me - x-me.world | AI Video Generator,X-Me - x-me.world |AI视频生成器,https://x-me.world/,< 5K,4,,,与 X-Me 一起释放无限的创造力。,AI背景生成器,ai-background-generator,AI头像生成器,ai-avatar-generator,AI个性化视频生成器,ai-personalized-video-generator
snapix,169574601454247508.jpg,SnapiX,斯内普X的,https://snapix.ai/,< 5K,2,,70.53%,人工智能驱动的照片编辑，释放你的想象力。,照片和图像编辑器,photo-image-editor,AI 照片增强器,ai-photo-enhancer,AI背景去除器,ai-background-remover
ikolinks,169578517849098054.jpg,Bio Links Tool,生物链接工具,https://ikosaas.com/,< 5K,0,,100.00%,精选内容、可定制的生物链接、二维码等。使用内置分析跟踪您的链接。,生物链接,bio-link,AI生物生成器,ai-bio-generator,AI广告助手,advertising-assistant
ephes,169608095932858087.jpg,Ephes Creations,以弗所创作,https://ephes-creations.com/,< 5K,2,,61.78%,使用 Ai 艺术生成器在几分钟内创建可定制的产品。,AI服装生成器,ai-clothing-generator,AI产品描述生成器,ai-product-description-generator,AI艺术生成器,ai-art-generator
ai-easy-content-studio,169511681089002109.jpg,AI Easy Content Studio,AI Easy Content Studio（人工智能简易内容工作室）,https://www.ai-easy-content.xyz/,< 5K,2,,,人工智能驱动的内容策略、规划和写作助手。,AI 内容生成器,ai-content-generator,AI 广告创意助手,ai-ad-creative-assistant,AI广告助手,advertising-assistant
landrific-ai,169511909224186653.jpg,Landrific AI,兰德菲克人工智能,https://landrific.online/,< 5K,6,,100.00%,AI 驱动的多合一数字创意伴侣。,AI 代码助手,ai-code-assistant,AI 内容生成器,ai-content-generator,AI照片和图像生成器,ai-photo-image-generator
profilio,169511910998920834.jpg,Profilio,普罗菲利奥,https://profilio.ai/,< 5K,4,,100.00%,人工智能驱动的招聘工具，用于公正的简历分析和精确匹配。,人工智能招聘,ai-recruiting,简历生成器,ai-resume-builder,,
nucleum-ai,169511918082192639.jpg,Nucleum AI,核人工智能,http://nucleum.ai/,< 5K,2,,100.00%,人工智能驱动的加密交易平台，用于自定义策略和实时市场跟踪。,AI 交易机器人助手,ai-trading-bot-assistant,AI广告助手,advertising-assistant,,
newsjack,169537286283966576.jpg,NewsJack,新闻杰克,https://www.newsjack.me/,< 5K,3,,,通过新闻劫持吸引病毒式内容。,AI广告助手,advertising-assistant,AI 内容生成器,ai-content-generator,AI 潜在客户生成,ai-lead-generation
backstoryai,169538513210248517.jpg,BackstoryAI,背景故事AI,https://www.backstoryai.com/,< 5K,4,,79.43%,使用生成式 AI 创建具有引人入胜的传记和故事的角色。,AI角色,ai-character,AI 分析助手,ai-analytics-assistant,AI生物生成器,ai-bio-generator
dict,169538514141195830.jpg,Dict,字典,https://www.dictgame.com/,< 5K,1,,,使用 Dict 的每日单词提示挑战您的单词定义技能。,其他,other,,,,
coverposts,169574501640152328.jpg,Coverposts,封面,https://coverposts.com/,< 5K,1,,58.76%,将博客文章变成引人入胜的社交媒体帖子。,AI社交媒体助手,ai-social-media-assistant,字幕或副标题,captions-or-subtitle,AI插图生成器,ai-illustration-generator
icloned,169574603331069776.jpg,iCloned,i克隆,https://icloned.in/,< 5K,0,,,用于与受众互动的 AI 助手。,其他,other,,,,
mailagent-ai,169578505297647863.jpg,MailAgent.AI,MailAgent.AI,https://mailagent.ai/,< 5K,3,,50.04%,借助 MailAgent.AI 的 AI 辅助，节省起草电子邮件的时间。,AI电子邮件助手,ai-email-assistant,AI回复助手,ai-reply-assistant,AI 电子邮件编写器,ai-email-writer
masterednow,169582581072332982.jpg,MasteredNow,掌握现在,https://masterednow.com/,< 5K,4,,28.74%,针对各种平台优化您的音乐。节省时间、成本和技术障碍。,AI 音频增强器,ai-audio-enhancer,,,,
chatmyer,169582583533537255.jpg,Live Chat,在线聊天,https://chatmyer.com/,< 5K,0,,,启用实时聊天以实现即时连接。,AI聊天机器人,ai-chatbot,AI广告助手,advertising-assistant,AI客服助理,ai-customer-service-assistant
siesta,169454287535920842.jpg,Siesta,午睡,https://siestaguides.com/,< 5K,1,,100.00%,通过量身定制的营销计划实现远大梦想。,AI广告助手,advertising-assistant,AI电子邮件营销,ai-email-marketing,AI WORD字,ai-word
splashsnap,169470848189721651.jpg,SplashSnap,飞溅捕捉,https://splashsnap.com/,< 5K,1,,,使用 iOS 快捷方式自动生成 AI 图像和壁纸设置。,AI背景生成器,ai-background-generator,,,,
tldrgpt-net,169486202352222070.jpg,TldrGPT.net,TldrGPT.net,https://www.tldrgpt.net/,< 5K,0,,100.00%,即时总结网页并做出明智的决策。,总结器,summarizer,,,,
platformium-ai,169506079024654522.jpg,Platformium,平台,https://www.platformium.ai/,< 5K,0,,,从 AI 分析的产品评论中获取快速、深入的见解。,AI社交媒体助手,ai-social-media-assistant,AI Twitter 助手,ai-twitter-assistant,,
txtgpt,169530356616803943.jpg,TxtGPT,TxtGPT技术,https://www.txtgpt.ai/,< 5K,1,,100.00%,与您的个性化 AI 好友进行文本对话。,大型语言模型 （LLM）,large-language-models-(llms),写作助理,writing-assistants,AI广告助手,advertising-assistant
viralheadline-net,169357219177946430.jpg,ViralHeadline.net,ViralHeadline.net,https://viralheadline.net/,< 5K,4,,,适用于各种平台的内容标题生成器。,AI 响应生成器,ai-response-generator,,,,
nubot,169373358990583333.jpg,nubot.io,nubot.io,https://nubot.io/,< 5K,0,,82.44%,使用 AI 代理自动执行任务。,AI聊天机器人,ai-chatbot,,,,
anotherpixel,169392403233364917.jpg,AnotherPixel - Art and AI,AnotherPixel - 艺术与人工智能,https://anotherpixel.art/,< 5K,1,,100.00%,使用 AnotherPixel 独特的艺术风格将您的图像转化为非凡的艺术。,AI艺术生成器,ai-art-generator,AI照片和图像生成器,ai-photo-image-generator,,
seo-canine,169392404164367731.jpg,SEO Canine,SEO犬类,https://seocanine.com/,< 5K,3,,,用于网站分析和优化的免费 SEO 工具。,AI SEO助手,ai-seo-assistant,,,,
halogram-ai,169392404661007623.jpg,Halogram AI | Mood Booster,Halogram AI |情绪助推器,https://www.halogram.ai/,< 5K,10,,30.98%,个性化、身临其境的 AI 伴侣。,AI聊天机器人,ai-chatbot,,,,
social-scanner,169409380879832482.jpg,Social Scanner,社交扫描仪,https://www.socialscanner.ai/,< 5K,2,,,LinkedIn网络助手，节省时间并提高响应率。,AI社交媒体助手,ai-social-media-assistant,AI 潜在客户生成,ai-lead-generation,店员,sales-assistant
promptblocks,169416695165198637.jpg,Promptblocks,提示块,https://promptblocks.io/,< 5K,2,,,面向 AI 开发人员的社交提示工程。,AI广告助手,advertising-assistant,,,,
clrblt-learning-groups,169416698180006254.jpg,CLRBLT,CLRBLT系列,https://www.clrblt.group/,< 5K,1,,,在人工智能协助下定制课程，通过小型远程小组实现目标。,AI教育助手,ai-education-assistant,人工智能课程,ai-course,人工智能辅导,ai-coaching
optimyzee,169384063071595724.jpg,Optimyzee,擎天,https://www.optimyzee.com/,< 5K,11,,92.22%,适用于 Google Ads 的革命性 AI 广告管理工具。,AI 广告创意助手,ai-ad-creative-assistant,AI广告生成器,ai-ad-generator,AI广告助手,advertising-assistant
myresumai,169384063213547484.jpg,MyresumAI,MyresumAI的,https://myresumai.xyz/,< 5K,5,,100.00%,求职者的简历优化助手。,人工智能网站建设者,ai-website-builder,,,,
auto-market-scanner,169401558224394516.jpg,Auto Market Scanner,汽车市场扫描仪,https://automarketscanner.com/,< 5K,1,,,节省时间的市场扫描工具。,AI 交易机器人助手,ai-trading-bot-assistant,,,,
launchscience,169409385680843069.jpg,LaunchScience,启动科学,https://www.launchscience.com/,< 5K,0,,,成功推出产品的平台。,AI产品描述生成器,ai-product-description-generator,AI 工作流管理,ai-workflow-management,,
joyai-generative-ai-for-salesforce,169416703834278568.jpg,JoyAI,乔伊人工智能,https://findjoyai.com/,< 5K,1,,,适用于 Salesforce 工作流程的生成式 AI。,AI广告助手,advertising-assistant,大型语言模型 （LLM）,large-language-models-(llms),,
credit-chip,169454291259399336.jpg,Mobile Credits,移动积分,https://mobilecredits.app/,< 5K,0,,100.00%,使用人工智能驱动的去中心化支付处理器进行即时支付。,区块链,blockchain,网络3,web3,AI 应用程序生成器,ai-app-builder
chatfolio,169454289566211345.jpg,Chatfolio,聊天作品集,https://chatfolio.org/,< 5K,1,,,用于投资组合网站的聊天机器人，可增强用户体验。,其他,other,,,,
tabsherpa-ai,169470843995365992.jpg,TabSherpa.ai,TabSherpa.ai,https://www.tabsherpa.ai/,< 5K,1,,,在浏览时通过电子邮件发送选项卡摘要并跟踪内存。,AI电子邮件助手,ai-email-assistant,AI 生产力工具,ai-productivity-tools,,
starving-robots-ai,169470846623593729.jpg,Starving Robots,饥饿的机器人,https://www.starvingrobots.com/,< 5K,0,,59.04%,以惊人的质量升级和打印您的 AI 艺术。,AI艺术生成器,ai-art-generator,AI海报生成器,ai-poster-generator,AI照片和图像生成器,ai-photo-image-generator
barbie-filter-image-generator-with-ai,169486190031665451.jpg,Barbie Filter Online,芭比滤镜在线,https://barbiefilter.online/,< 5K,1,,100.00%,用芭比娃娃的标志性风格和魅力增强照片。,AI照片和图像生成器,ai-photo-image-generator,AI艺术生成器,ai-art-generator,AI图像增强器,ai-image-enhancer
upscaleimage-ai,169486196450869294.jpg,UpscaleImage.AI,UpscaleImage.AI,https://www.upscaleimage.ai/,< 5K,1,,81.90%,毫不费力地增强和恢复照片。,AI照片和图像生成器,ai-photo-image-generator,AI图像增强器,ai-image-enhancer,AI 照片增强器,ai-photo-enhancer
namingram,169486204433081658.jpg,Namingram,命名,https://namingram.com/,< 5K,1,,75.91%,Telegram上的协作命名社区,AI产品描述生成器,ai-product-description-generator,域名生成器,ai-domain-name-generator,,
askexcel,169486208896435186.jpg,AskExcel,AskExcel的,https://askexcel.cc/,< 5K,0,,,用于数据分析的 AI 助手,AI 分析助手,ai-analytics-assistant,AI广告助手,advertising-assistant,AI数据挖掘,ai-data-mining
codewiz-ai-coding-companion,169486209927131139.jpg,CodeWiz,CodeWiz的,https://codewiz.app/,< 5K,3,,50.14%,在几秒钟内提供即时 AI 驱动的编码解决方案。,AI 代码助手,ai-code-assistant,代码说明,ai-code-explanation,,
kropply,169511914689904896.jpg,Kropply,克罗普利,https://kropply.com/,< 5K,9,,,用于代码生成、操作点和错误解释的 VSCode 扩展。,AI 代码助手,ai-code-assistant,代码说明,ai-code-explanation,AI代码生成器,ai-code-generator
ai-writing-assistant,169530357422028004.jpg,Jotters Pad - Premium Writing Made Effortless with AI,Jotters Pad - 使用 AI 轻松实现高级写作,https://www.jotterspad.com/,< 5K,1,,,使用我们的 AI 助手解锁轻松写作的未来。,AI 内容生成器,ai-content-generator,AI博客作家,ai-blog-writer,人工智能创意写作,ai-creative-writing
ai-profile-for-slack,169530362059535872.jpg,AI-powered Profile For Slack,AI 驱动的 Slack 配置文件,https://www.orgengage.com/,< 5K,0,,,通过人工智能驱动的配置文件提升工作文化和协作,AI广告助手,advertising-assistant,,,,
logomeld,169537283392065847.jpg,LogoMeld,徽标融合,https://logomeld.com/,< 5K,0,,32.54%,毫不费力地在图像中嵌入徽标。,AI艺术生成器,ai-art-generator,,,,
smartbids-ai,169574498687181995.jpg,SmartBids.ai,SmartBids.ai,https://smartbids.ai/,< 5K,1,,100.00%,革命性的房地产定价和分析软件。,AI产品描述生成器,ai-product-description-generator,大型语言模型 （LLM）,large-language-models-(llms),店员,sales-assistant
sniplet,169578512068692767.jpg,Sniplet,剪纸,https://sniplet.xyz/,< 5K,0,,,发现并分享相关的播客片段。,AI 播客助手,ai-podcast-assistant,人工智能搜索引擎,ai-search-engine,,
plutuschat,169582582112339997.jpg,PlutusChat,Plutus聊天,https://www.plutus.chat/,< 5K,1,,,投资副驾驶，用于查找美国股票信息。,投资助理,investing-assistant,AI 交易机器人助手,ai-trading-bot-assistant,AI聊天机器人,ai-chatbot
getgloby-app,169608094665523624.jpg,GetGloby,获取格洛比,https://www.getgloby.com/,< 5K,1,,100.00%,使用 AI 翻译营销资产和活动广告,翻译,translate,AI 广告创意助手,ai-ad-creative-assistant,AI广告生成器,ai-ad-generator
tripsei,169506083896556121.jpg,tripsei,特里普西,https://tripsei.com/,< 5K,2,,100.00%,人工智能驱动的聊天，用于个性化的旅行目的地和廉价机票。,AI聊天机器人,ai-chatbot,AI旅行规划师,ai-trip-planner,,
graphzila,169511679517354957.jpg,Graphzila,Graphzila,https://graphzila.com/,< 5K,2,,,将文本转换为可视化知识图谱。,AI知识图谱,ai-knowledge-graph,,,,
kyugo,169511912927194502.jpg,Kyugo,九乡,https://kyugo.app/,< 5K,0,,24.73%,重塑工作与生活平衡的日历。,AI产品描述生成器,ai-product-description-generator,AI 调度,ai-scheduling,AI 生产力工具,ai-productivity-tools
fashionlabs-ai,169530360168829327.jpg,FashionLabs,时尚实验室,https://www.fashionlabs.ai/,< 5K,3,,,毫不费力地生成令人惊叹的虚拟时装模特。,AI广告助手,advertising-assistant,AI服装生成器,ai-clothing-generator,AI照片和图像生成器,ai-photo-image-generator
texts-run,169530361158982212.jpg,texts.run,文本.run,https://www.texts.run/,< 5K,2,,100.00%,在几秒钟内启动个人网页。,人工智能创意写作,ai-creative-writing,AI登陆页面生成器,ai-landing-page-builder,AI任务管理,ai-task-management
hubit-plan,169537282532718732.jpg,Hubit Plan,Hubit计划,https://hubitplan.com/,< 5K,0,,,在AI辅助下进行智能任务管理。,AI任务管理,ai-task-management,,,,
simpleland,169574499698621976.jpg,SimpleLand,简单乐园,https://simple-land.com/,< 5K,3,,100.00%,人工智能驱动的登陆页面生成器。,AI 内容生成器,ai-content-generator,AI登陆页面生成器,ai-landing-page-builder,人工智能网站建设者,ai-website-builder
camoo,169574602878379971.jpg,CAMOO,迷彩,https://camoo.studio/,< 5K,0,,94.88%,毫不费力地将任何内容变成内容。,写作助理,writing-assistants,AI 内容生成器,ai-content-generator,AI Repurpose 助手,ai-repurpose-assistant
artiscribe-ai,169578519373784910.jpg,ArtiScribe AI,ArtiScribe 人工智能,https://www.artiscribeai.com/,< 5K,0,,,为艺术家提供突破性的 AI 工具来营销他们的作品。,AI 内容生成器,ai-content-generator,AI艺术生成器,ai-art-generator,AI产品描述生成器,ai-product-description-generator
zipx-copilot-for-ecommerce-sellers,169357214540754538.jpg,zipx.ai,zipx.ai,https://www.zipx.ai/,< 5K,1,,,面向中小企业的人工智能驱动的电子商务运营优化。,其他,other,,,,
diffduo,169374133895836218.jpg,DiffDuo,迪夫多,https://diffduo.com/,< 5K,0,,,使用 GPT 支持的摘要转换 git 差异。,AI 开发人员工具,ai-developer-tools,AI 广告创意助手,ai-ad-creative-assistant,AI广告助手,advertising-assistant
ozziavatars,169384065518943678.jpg,Ozziavatars,Ozziavatars,https://ozziavatars.com/,< 5K,2,,,创建不同风格的 AI 头像图像。,AI个人资料图片生成器,ai-profile-picture-generator,AI艺术生成器,ai-art-generator,AI头像生成器,ai-avatar-generator
taskified,169384068941400447.jpg,Taskified,任务化,https://taskified.co/,< 5K,1,,100.00%,革命性的人工智能电子邮件解决方案。,AI 内容生成器,ai-content-generator,AI电子邮件助手,ai-email-assistant,AI电子邮件生成器,ai-email-generator
ai-prompt-wars,169409383532498092.jpg,AI Prompt Wars,AI 提示大战,https://promptwars.xyz/,< 5K,2,,,与 AI Prompt Wars 竞争并学习提示工程！,提示,prompt-1,游戏,game,,
maximaize-me,169409388223923534.jpg,MaximAIze.me,MaximAIze.me,https://maximaize.me/,< 5K,1,,100.00%,将您的自拍照转换为令人惊叹的图像。,AI艺术生成器,ai-art-generator,AI照片和图像生成器,ai-photo-image-generator,AI个人资料图片生成器,ai-profile-picture-generator
amanu,169409390564684666.jpg,Amanu,阿马努,https://amanu.ai/,< 5K,0,,,知识库替换聊天助手。问问阿曼努就知道了！,AI 知识库,ai-knowledge-base,人工智能知识管理,ai-knowledge-management,AI聊天机器人,ai-chatbot
nearly-ai,169454275556395403.jpg,Nearly.AI,Nearly.AI,https://nearly.ai/,< 5K,1,,,生成 Laravel Backend Builder 并降低成本和时间。,AI 应用程序生成器,ai-app-builder,AI 代码助手,ai-code-assistant,AI代码生成器,ai-code-generator
somantic-ai,169454280655674474.jpg,Somantic AI,Somantic 人工智能,https://www.somanticai.com/,< 5K,1,,,扩展营销内容的 AI 平台。,写作助理,writing-assistants,AI博客作家,ai-blog-writer,AI 内容生成器,ai-content-generator
designai,169454285990273275.jpg,DesignAi,设计人工智能,https://www.designai.us/,< 5K,5,,100.00%,革命性的人工智能室内设计 Web 应用程序。,AI设计生成器,ai-design-generator,AI室内和房间设计,ai-interior-room-design,设计助理,design-assistant
soft-skills-cloud,169454289418159280.jpg,Soft Skills Cloud,软技能云,https://soft-skills.cloud/,< 5K,2,,100.00%,通过详细的文本评论和用户友好的编辑界面提高您的商务写作技巧。,其他,other,,,,
auto-localize,169487900581825463.jpg,Auto Localize,自动本地化,https://autolocalize.app/,< 5K,1,,100.00%,用于自动本地化的 AI 驱动的编辑器。,AI 开发人员工具,ai-developer-tools,AI 开发人员文档,ai-developer-docs,AI 应用程序生成器,ai-app-builder
wordjotter,169506079978417672.jpg,Wordjotter,Wordjotter （英语）,https://wordjotter.com/,< 5K,1,,100.00%,通过量身定制的文章、个性化的抽认卡和记忆强化有效地学习语言。,AI产品描述生成器,ai-product-description-generator,AI 测验,ai-quizzes,,
alfie-invest,169605442743698759.jpg,Alfie,阿尔菲,https://www.alfieinvest.com/,< 5K,2,,100.00%,您的个人 AI 投资分析师。,AI 工具目录,ai-tools-directory,,,,
local-background-remover,169605494926292868.jpg,Magic Background Remover,魔术背景去除剂,https://magicbackgroundremover.com/,< 5K,0,,57.55%,一个以隐私为重点的人工智能背景去除工具。,AI背景去除器,ai-background-remover,,,,
person-cloner,169605495827859365.jpg,VoiceLip,语音唇,https://person-cloner.com/,< 5K,5,,29.74%,让你的朋友用他们的声音和口型同步说任何话！,AI名人语音生成器,ai-celebrity-voice-generator,AI 口型同步生成器,ai-lip-sync-generator,AI语音克隆,ai-voice-cloning
insight-bridge,169608095452052573.jpg,Insight Bridge,洞察桥,https://www.insight-bridge.com/,< 5K,1,,100.00%,数据分析工具，通过简单的英语查询快速洞察。,AI 分析助手,ai-analytics-assistant,AI广告助手,advertising-assistant,AI数据挖掘,ai-data-mining
imfeeling,169357219182814288.jpg,ImFeeling,感受,https://www.imfeeling.xyz/,< 5K,3,,100.00%,根据您当前的情感生成个性化的播放列表。,AI音乐生成器,ai-music-generator,,,,
parrotchat,169357220999909056.jpg,ParrotChat,鹦鹉聊天,https://parrotchat.io/,< 5K,0,,100.00%,利用 ChatGPT 进行所有查询的定制聊天机器人。,AI聊天机器人,ai-chatbot,大型语言模型 （LLM）,large-language-models-(llms),AI客服助理,ai-customer-service-assistant
synapti,169373362279028624.jpg,Synapti,Synapti（突纳普）,https://www.synapti.app/,< 5K,1,,,人工智能驱动的学习平台,人工智能课程,ai-course,大型语言模型 （LLM）,large-language-models-(llms),AI教程,ai-tutorial
riskassessmentai,169373365127074297.jpg,RiskAssessmentAI,风险评估人工智能,https://riskassessmentai.com/,< 5K,1,,,使用 AI 自动执行安全问卷调查和评估。,AI产品描述生成器,ai-product-description-generator,大型语言模型 （LLM）,large-language-models-(llms),,
freshfeed,169392407433015989.jpg,FreshFeed,新鲜饲料,https://www.freshfeed.io/,< 5K,1,,100.00%,GPT 和 LLM 的搜索引擎，以避免幻觉。,人工智能搜索引擎,ai-search-engine,AI API 设计,ai-api-design,AI广告助手,advertising-assistant
genpictures,169401546922596963.jpg,GenPictures,GenPictures公司,https://genpictures.com/,< 5K,3,,,将文字转化为令人着迷的 AI 艺术。,文本转图像,text-to-image,AI艺术生成器,ai-art-generator,AI照片和图像生成器,ai-photo-image-generator
krashless,169409383716865458.jpg,Krashless,克拉什利斯,https://krashless.com/,< 5K,1,,,使用 Krashless 创建和构建您自己的生成式 AI 业务，提供自定义域、可定制的品牌、Stripe 集成和 150+ AI 写作工具。简化流程，步入AI时代！,AI 应用程序生成器,ai-app-builder,AI 内容生成器,ai-content-generator,AI聊天机器人,ai-chatbot
instaphrase,169416704568743861.jpg,Instaphrase,Instaphrase（英语：Instaphrase）,https://instaphrase.com/,< 5K,2,,,用于作业和报告的自动报告引擎。,AI 内容生成器,ai-content-generator,,,,
country-lyrics-ai,169605445584781448.jpg,Country Lyrics AI,乡村歌词 AI,https://www.countrylyrics.ai/,< 5K,1,,,人工智能驱动的 Web 应用程序生成乡村音乐歌词。,AI歌词生成器,ai-lyrics-generator,AI音乐生成器,ai-music-generator,AI歌唱生成器,ai-singing-generator
chatfuro,169454287638775970.jpg,Chatfuro,查特福罗,https://chatfuro.com/,< 5K,0,,,简化聊天机器人以用于各种目的，回答问题，协助用户。,AI广告助手,advertising-assistant,AI聊天机器人,ai-chatbot,AI回复助手,ai-reply-assistant
liro-ai-ai-image-generator,169470097084250329.jpg,Liro.ai,Liro.ai,https://www.liro.ai/,< 5K,6,,28.31%,使用 Liro.ai 轻松生成令人惊叹的图像。,AI艺术生成器,ai-art-generator,AI照片和图像生成器,ai-photo-image-generator,图像到图像,image-to-image
maximus-ai-components-generator,169470847494365032.jpg,Maximus,马西墨斯,https://maximus.guru/,< 5K,0,,,用于创建使用 Tailwind CSS 样式的 React 组件的 AI 驱动工具,AI代码生成器,ai-code-generator,AI 开发人员工具,ai-developer-tools,,
pollyspeak-text-to-speech-for-ios,169470849970962250.jpg,PollySpeak,波莉说话,https://www.pollyspeak.com/,< 5K,2,,,使用 PollySpeak 克服干扰并提高阅读速度。,AI语音识别,ai-speech-recognition,AI 语音合成,ai-speech-synthesis,AI语音助手,ai-voice-assistants
anygen-ai,169486189817710121.jpg,AnyGen AI,安捷人工智能,https://anygen.ai/,< 5K,1,,100.00%,用于释放数据力量的生成式 AI 平台。,AI聊天机器人,ai-chatbot,,,,
dreambience,169487894621880555.jpg,Dreambience,梦境,https://dreambience.com/,< 5K,2,,100.00%,用于个性化冥想的 AI 驱动的应用程序。,其他,other,,,,
infinaity-net,169487898828538655.jpg,InfinAIty,无限AIty,https://infinaity.net/,< 5K,1,,,使用先进的 AI 彻底改变内容创作。,AI 内容生成器,ai-content-generator,AI社交媒体助手,ai-social-media-assistant,AI 广告创意助手,ai-ad-creative-assistant
monsterimage-ai,169511914722688566.jpg,MonsterImage.AI,MonsterImage.AI,https://www.monsterimage.ai/,< 5K,3,,,使用 AI 和几何图案创建独特的图像。,AI艺术生成器,ai-art-generator,AI 模式生成器,ai-pattern-generator,AI照片和图像生成器,ai-photo-image-generator
the-daily-dad-joke,169582595262499333.jpg,The Daily Dad Joke,每日爸爸笑话,https://dailydadjoke.app/,< 5K,4,,100.00%,每天一个爸爸的笑话，由人工智能生成。,AI 内容生成器,ai-content-generator,AI笑话,ai-joke,有趣的工具,fun-tools
replyze,169605444546717213.jpg,Replyze,回复,https://replyze.com/,< 5K,3,,,自动跟踪和回复 Reddit 和 Twitter 上的提及。,AI 潜在客户生成,ai-lead-generation,AI回复助手,ai-reply-assistant,AI 响应生成器,ai-response-generator
chatculture,169605499736906537.jpg,ChatCulture,聊天文化,https://chatculture.app/,< 5K,2,,,轻松实现跨语言连接。,AI聊天机器人,ai-chatbot,AI产品描述生成器,ai-product-description-generator,翻译,translate
ai-seo-page,169608098749032947.jpg,AI SEO Page,AI SEO页面,https://aiseopage.com/,< 5K,2,,,使用 AI 技术生成高质量的 SEO 页面。,AI 内容生成器,ai-content-generator,AI SEO助手,ai-seo-assistant,,
alt-cortex-ai-for-the-lifelong-learner,169357205168023503.jpg,Alt Cortex,Alt 皮质,https://altcortex.ai/,< 5K,3,,,史诗般的学习游戏化的 AI 伙伴。,AI广告助手,advertising-assistant,,,,
get-requirements,169357211379495585.jpg,Get Requirements,获取需求,https://getrequirements.com/,< 5K,0,,,通过毫不费力地收集需求和生成文档来节省时间。,AI项目管理,ai-project-management,,,,
dashi,169357212572729253.jpg,Birdlabs,鸟实验室,http://www.dashi.dev/,< 5K,1,,,支持 AI 的快速内部工具创建。,AI 应用程序生成器,ai-app-builder,人工智能网站建设者,ai-website-builder,无代码&低代码,no-code-low-code
linguabot,169374134982851733.jpg,LinguaBot - AI Language Partner,LinguaBot - 人工智能语言合作伙伴,https://linguabot.app/,< 5K,3,,,使用 LinguaBot 练习口语技巧,翻译,translate,AI聊天机器人,ai-chatbot,,
standard-photo-editing-package,169384065260147601.jpg,Picturepro,图片专业,https://www.picturepro.co/,< 5K,0,,,使用 Picturepro 的无限照片编辑服务轻松提升您的视觉效果。,照片和图像编辑器,photo-image-editor,AI 广告创意助手,ai-ad-creative-assistant,AI广告助手,advertising-assistant
laborai-pro,169401548651055239.jpg,LaborAI Pro,LaborAI 专业版,https://laborai.pro/,< 5K,2,,,使用 LaborAI Pro 自动执行任务并节省时间。,AI 内容生成器,ai-content-generator,写作助理,writing-assistants,大型语言模型 （LLM）,large-language-models-(llms)
chatme-at,169401548764007671.jpg,ChatMe.At,ChatMe.At,https://chatme.at/,< 5K,1,,,使用 AI 聊天头像与著名的内容创作者联系。,AI社交媒体助手,ai-social-media-assistant,AI聊天机器人,ai-chatbot,AI头像生成器,ai-avatar-generator
memflow,169401555113916791.jpg,MemFlow,内存流,https://memflow.ai/,< 5K,3,,,您在 Mac 上的记忆助手。,录音,recording,AI视频录制,ai-video-recording,AI产品描述生成器,ai-product-description-generator
plutis,169401557280476288.jpg,Plutis,冥王星,https://plutis.io/,< 5K,1,,,根据您的需求量身定制的自适应心理健康平台,心理健康,mental-health,人工智能辅导,ai-coaching,,
taste-bud,169409391366158087.jpg,Taste Bud,味蕾,https://taste-bud.io/,< 5K,0,,100.00%,人工智能驱动的副厨师长，提供个性化的食谱建议。,AI烹饪助手,ai-cooking-assistant,AI 食谱助手,ai-recipe-assistant,,
creative-blog-topic,169511680515317601.jpg,Creativeblogtopic,创意博客主题,https://creativeblogtopic.com/,< 5K,3,,,自动进行 SEO、关键字和趋势研究，以获得有效的博客主题。,AI产品描述生成器,ai-product-description-generator,AI博客作家,ai-blog-writer,AI 内容生成器,ai-content-generator
mindmeldcanvas-ai,169511682021153427.jpg,Mind Meld Canvas AI,Mind Meld Canvas 人工智能,https://mindmeldcanvas.com/,< 5K,4,,,由 AI 提供支持的事实核查文案创建者。,AI博客作家,ai-blog-writer,AI 内容生成器,ai-content-generator,AI产品描述生成器,ai-product-description-generator
22analytics-com,169530357471568160.jpg,22Analytics,22分析,https://22analytics.com/,< 5K,1,,100.00%,使用 AI 聊天进行高级 Web 分析。,AI 分析助手,ai-analytics-assistant,AI聊天机器人,ai-chatbot,AI数据挖掘,ai-data-mining
modern-mate,169537283410102703.jpg,Modern Mate,现代伴侣,https://modernmate.app/,< 5K,2,,,一个创新的人工智能社交网络，用于创建和共享可定制的聊天机器人。,AI聊天机器人,ai-chatbot,,,,
yesber-ai-camera,169574600279338325.jpg,Yesber AI Camera,Yesber AI 相机,https://yesber.com/,< 5K,3,,77.09%,用于创建专业品质大片的 AI 相机。,AI照片和图像生成器,ai-photo-image-generator,AI个人资料图片生成器,ai-profile-picture-generator,AI自拍和人像,ai-selfie-portrait
internalhub,169578510922030663.jpg,InternalHub,内部中心,https://internalhub.co/,< 5K,1,,100.00%,通过人工智能驱动的内部链接优化提高您的排名。,AI广告助手,advertising-assistant,AI SEO助手,ai-seo-assistant,AI 工作流管理,ai-workflow-management
diarupt,169582594285558375.jpg,Diarupt,迪亚鲁普特,https://diarupt.ai/,< 5K,5,,55.56%,在您的产品中构建基于视频的实时 AI 交互。,AI 开发人员文档,ai-developer-docs,AI聊天机器人,ai-chatbot,AI API 设计,ai-api-design
sidekickspace,169605441547405447.jpg,SidekickSpace,Sidekick空间,https://www.sidekickspace.com/,< 5K,0,,,保护敏感信息免受 AI 算法的侵害。,AI教程,ai-tutorial,,,,
deadale-language-translation,169454282660451724.jpg,Deadale Translation,Deadale 翻译,https://deadale.ai/,< 5K,4,,,即时翻译营销视频以覆盖全球受众。,AI广告助手,advertising-assistant,AI动画视频,ai-animated-video,,
m00d-ritual,169454285311466173.jpg,M?D Ritual,MD?仪式,https://m00d.tech/,< 5K,1,,86.81%,最简单的自主 AI 图像生成工具。,AI艺术生成器,ai-art-generator,AI照片和图像生成器,ai-photo-image-generator,AI 内容生成器,ai-content-generator
ai-score-my-site,169454291286895315.jpg,SiteSpeakAI,网站SpeakAI,https://aiscoremy.site/,< 5K,2,,,发现 AI 准备情况并提高网站排名。,AI聊天机器人,ai-chatbot,AI SEO助手,ai-seo-assistant,,
castly,169454292192013821.jpg,Castly,卡斯特利,https://www.getcastly.com/,< 5K,3,,,人工智能驱动的学习和写作伴侣，轻松创建内容。,AI博客作家,ai-blog-writer,AI 内容生成器,ai-content-generator,人工智能创意写作,ai-creative-writing
attentionkart,169470100355242703.jpg,AttentionKart,注意卡丁车,https://attentionkart.com/,< 5K,1,,,用于在线会议的 AI 驱动的参与分析平台。,AI 分析助手,ai-analytics-assistant,AI广告助手,advertising-assistant,AI产品描述生成器,ai-product-description-generator
befe,169486199128347593.jpg,Befe,贝菲,https://leapresume.net/,< 5K,2,,66.40%,直观的简历编辑器，用于创建成功的简历。,人工智能招聘,ai-recruiting,简历生成器,ai-resume-builder,,
ai-coder-buddy,169486206076061478.jpg,AI Coder Buddy,AI 编码员伙伴,https://aicoderbuddy.com/,< 5K,2,,,AI Coder Buddy - AI 驱动的代码助手，可提高生产力.,AI 代码助手,ai-code-assistant,AI代码生成器,ai-code-generator,,
kbasebot,169506081770415710.jpg,KBaseBot,KBaseBot的,https://kbasebot.com/,< 5K,1,,100.00%,将静态内容转化为交互式聊天机器人。,AI聊天机器人,ai-chatbot,AI 知识库,ai-knowledge-base,人工智能知识管理,ai-knowledge-management
gpt-sidepanel,169506082894045797.jpg,GPT SidePanel,GPT 侧面板,https://gptsidepanel.com/,< 5K,1,,,使用 GPT SidePanel 提高您的工作效率。,AI 生产力工具,ai-productivity-tools,,,,
magicprospect,169574599467033678.jpg,MagicProspect,MagicProspect公司,https://magicprospect.com/,< 5K,1,,100.00%,人工智能驱动的销售智能，改变您的外展和潜在客户方法。,AI产品描述生成器,ai-product-description-generator,店员,sales-assistant,AI API 设计,ai-api-design
the-only-visa-credit-card,169384064323519694.jpg,Blue,蓝,https://paywithblue.com/,< 5K,0,,,Visa信用卡，年利率为0%，现金返还为2%。,其他,other,,,,
drafts-ai,169384066232112786.jpg,Drafts AI,草稿 AI,https://drafts.sh/,< 5K,4,,,在几秒钟内生成数百篇 SEO 文章。,AI广告生成器,ai-ad-generator,AI广告助手,advertising-assistant,AI 内容生成器,ai-content-generator
slaw-ai,169416696125318703.jpg,Slaw.ai,Slaw.ai,https://slaw.ai/,< 5K,2,,64.09%,使用 AI 创建文档。释放 AI 的力量，轻松生成内容。,AI 内容生成器,ai-content-generator,,,,
easylisting-info,169416705447248280.jpg,EasyListing.Info,EasyListing.Info,https://easylisting.info/,< 5K,4,,,使用 AI 驱动的工具轻松生成房地产列表。,AI 内容生成器,ai-content-generator,AI广告生成器,ai-ad-generator,AI广告助手,advertising-assistant
genius-title,169454275186215745.jpg,Genius Title,天才头衔,https://geniustitle.co/,< 5K,0,,100.00%,分析视频，为出色的 Shorts 生成引人入胜的标题。,其他,other,,,,
share-prompts,169470096150163124.jpg,SharePrompts,分享提示,https://shareprompts.ai/,< 5K,2,,,使用 SharePrompts 轻松共享和浏览 AI 模型的提示。,其他,other,,,,
quizmixer,169486193988547778.jpg,QuizMixer,QuizMixer（测验混合器）,https://quizmixer.xyz/,< 5K,1,,53.57%,人工智能驱动的学习伴侣，用于从视频/文本创建测验并跟踪进度。,AI 测验,ai-quizzes,AI 内容生成器,ai-content-generator,人工智能课程,ai-course
notesnudge,169506082697415127.jpg,NotesNudge,Notes轻推,https://www.notesnudge.com/,< 5K,1,,58.09%,与过去的笔记建立鼓舞人心的日常联系。,AI 笔记助手,ai-notes-assistant,,,,
pictogenius,169530359334671663.jpg,Pictogenius,Pictogenius （英语）,https://pictogenius.com/,< 5K,0,,,使用 Replicate 的图像模型生成高质量的图像。,AI照片和图像生成器,ai-photo-image-generator,AI艺术生成器,ai-art-generator,AI插图生成器,ai-illustration-generator
docera,169530364224514047.jpg,Docera.io,Docera.io,https://docera.io/,< 5K,4,,100.00%,人工智能驱动的文档创建和自定义工具。,其他,other,,,,
lemonstocks,169574601982017273.jpg,Lemonstocks,柠檬汤,https://www.lemonstocks.tech/,< 5K,1,,100.00%,人工智能驱动的投资分析。,AI广告助手,advertising-assistant,,,,
finnews-ai-free,169578505224293729.jpg,FinNews.AI,FinNews.AI,https://www.finnews.ai/,< 5K,3,,,对美国股票、加密货币、外汇和财经新闻进行实时 AI 分析，以加快决策速度。,AI广告助手,advertising-assistant,,,,
list-a,169578513070650552.jpg,getlista{a},getlista{a},https://getlista.io/,< 5K,0,,100.00%,实时识别潜在客户和全球人才搜索。,人工智能搜索引擎,ai-search-engine,人工智能招聘,ai-recruiting,AI广告助手,advertising-assistant
datatera-ai,169578515731921046.jpg,Datatera.ai,Datatera.ai,https://datatera.ai/,< 5K,3,,42.81%,在几秒钟内将任何文件或网站转换为数据集、电子表格、CRM、ERP 等。,AI 电子表格,ai-spreadsheet,AI文档提取,ai-document-extraction,,
chatlink,169578516681973946.jpg,ChatLink,聊天链接,https://chat-link.de/,< 5K,0,,,人工智能驱动的代理提供 24/7 全天候对话支持。,大型语言模型 （LLM）,large-language-models-(llms),AI聊天机器人,ai-chatbot,AI回复助手,ai-reply-assistant
vespio-ai,169578517923963022.jpg,Vespio AI | Conversation Analysis and Sales Enablement Tool,Vespio 人工智能 |对话分析和销售促进工具,https://www.vespio.ai/,< 5K,2,,46.09%,预测客户兴趣，改进销售宣传，并从会议中获得见解。,AI广告助手,advertising-assistant,AI产品描述生成器,ai-product-description-generator,店员,sales-assistant
mimrr,169582591364966654.jpg,Mimrr,米姆尔,https://www.mimrr.com/,< 5K,2,,100.00%,为软件公司自动编写代码。,AI产品描述生成器,ai-product-description-generator,AI 代码助手,ai-code-assistant,AI 开发人员文档,ai-developer-docs
inroom-ai,169605493734110303.jpg,Interior Render AI,室内渲染 AI,https://interior-ai.design/,< 5K,6,,,生成各种风格的高质量室内设计效果图。,AI室内和房间设计,ai-interior-room-design,AI设计生成器,ai-design-generator,AI艺术生成器,ai-art-generator
aibooktools,169605497846354617.jpg,AIBookTools,AIBook工具,https://aibooktools.com/,< 5K,1,,,将书架上的智慧转化为可操作的见解。,其他,other,,,,
alice-and-bob-ai-brainstorm-lab,169608098324389744.jpg,Alice and Bob AI Laboratory,Alice and Bob 人工智能实验室,https://alicebobai.com/,< 5K,0,,,用于与虚拟角色进行头脑风暴的 AI 平台。,AI 工具目录,ai-tools-directory,,,,
ai-docs,169605498133651366.jpg,LLM Automation,法学硕士自动化,https://ag11lab.com/,< 5K,4,,93.08%,使用 LLM 模型训练和自动执行任务。导出为 API、TelegramBot 或 WhatsApp。,AI 工具目录,ai-tools-directory,,,,
hold-for-me,169357207676307627.jpg,Hold 4 Me,抱住 4 个我,https://holdforme.ai/,< 5K,1,,100.00%,AI助手为您打电话。,AI客服助理,ai-customer-service-assistant,AI语音助手,ai-voice-assistants,,
religione-ai,169373361837842011.jpg,ReligiOne AI,ReligiOne人工智能,https://religione.ai/,< 5K,1,,,解锁具有不同信念的解决方案。,AI聊天机器人,ai-chatbot,宗教,religion,生活助理,life-assistant-2
metana,169374136056742987.jpg,Metana,梅塔纳,https://metana.press/,< 5K,2,,,使用 AI 轻松进行信息管理,AI产品描述生成器,ai-product-description-generator,AI 内容生成器,ai-content-generator,,
peekaboo-ai,169392405162884961.jpg,Peekaboo AI,躲猫猫 AI,https://peekabooai.io/,< 5K,1,,,根据描述创建个性化的毛绒玩具并直接购买。,其他,other,,,,
artvisio-ai,169392408374628250.jpg,QuickQR.Art - QR Art AI Generator,QuickQR.Art - QR艺术AI生成器,https://artvisioai.com/,< 5K,1,,,无缝的 AI 艺术生成，提供令人惊叹的视觉文本。,AI艺术生成器,ai-art-generator,AI平面设计,ai-graphic-design,,
daybright-daily-inspiration,169401546014640677.jpg,DayBright,日光,https://daybright.us/,< 5K,1,,,为转型之旅提供量身定制的见解。,AI广告助手,advertising-assistant,AI 广告创意助手,ai-ad-creative-assistant,AI广告生成器,ai-ad-generator
tutgpt,169401547446399258.jpg,TutGPT,图特GPT,https://tutgpt.com/,< 5K,2,,,人工智能驱动的聊天机器人使用您的数据进行训练，以获得即时客户支持。,AI聊天机器人,ai-chatbot,,,,
wizilink,169401551492905339.jpg,Wizilink,Wizilink的,https://wizilink.ai/,< 5K,0,,,人工智能驱动的培训平台，为员工提供交互式问答和高级分析。,AI项目管理,ai-project-management,AI 调度,ai-scheduling,AI 工作流管理,ai-workflow-management
hai,169409391334076864.jpg,Hai,海,https://www.hai.xyz/,< 5K,2,,47.35%,人工智能驱动的应用程序，可在约会中提供更好的对话和第一印象。,AI生物生成器,ai-bio-generator,AI 内容生成器,ai-content-generator,AI约会助手,ai-dating-assistant
hostomo,169416700357030927.jpg,Hostomo,霍斯托莫,https://hostomo.com/,< 5K,1,,,使用 AI 驱动的 Hostomo 在一分钟内创建无限的网站。,人工智能网站建设者,ai-website-builder,AI登陆页面生成器,ai-landing-page-builder,,
xtractly,169530360465913825.jpg,Xtractly,Xtractly,https://xtractly.io/,< 5K,1,,100.00%,毫不费力地从电子邮件和文档中提取结构化数据。,AI文档提取,ai-document-extraction,AI 生产力工具,ai-productivity-tools,大型语言模型 （LLM）,large-language-models-(llms)
dropped-hub,169537286021733289.jpg,DroppedHub,DroppedHub的,https://droppedhub.com/,< 5K,1,,74.51%,用于查找和注册过期域名的人工智能工具。,域名生成器,ai-domain-name-generator,AI SEO助手,ai-seo-assistant,研究工具,research-tool
flashai,169538514887331629.jpg,FlashAI,FlashAI的,https://flashai.me/,< 5K,3,,,使用 FlashAI 在浏览器中解锁 AI。,AI聊天机器人,ai-chatbot,AI 生产力工具,ai-productivity-tools,,
cookiechimp,169538515134561786.jpg,CookieChimp,饼干黑猩猩,https://cookiechimp.com/,< 5K,3,,100.00%,为您的网站提供 AI 驱动的 cookie 管理。,人工智能网站建设者,ai-website-builder,,,,
neoprompt-pro,169574601064450388.jpg,NeoPrompt Pro,NeoPrompt 专业版,https://neoprompt.pro/,< 5K,1,,54.27%,为您的 AI 艺术赋予无限可能。,AI 工具目录,ai-tools-directory,提示,prompt-1,AI艺术生成器,ai-art-generator
typesetterr,169578508181123531.jpg,Typesetterr,Typesetterr,https://www.typesetterr.com/,< 5K,1,,,功能强大的 CMS，用于编写、安排、出版和格式化书籍。,AI博客作家,ai-blog-writer,AI 内容生成器,ai-content-generator,一般写作,general-writing
ratinghub,169582594310104327.jpg,RatingHub,评级中心,https://www.ratinghub.io/,< 5K,0,,,人工智能辅助评论管理平台，用于跨多个渠道同步和分析评论。,AI 评论助手,ai-reviews-assistant,AI广告助手,advertising-assistant,AI登陆页面生成器,ai-landing-page-builder
lyras-ai,169454290333965661.jpg,Lyras,天琴座,https://lyras.cloud/,< 5K,0,,,用于流量分析和利用的 AI 驱动的企业合作伙伴。,AI 工具目录,ai-tools-directory,,,,
infichat,169454296365650272.jpg,Infichat,英菲查特,https://infichat.co/,< 5K,0,,91.13%,人工智能驱动的客户支持，提高客户满意度。,AI聊天机器人,ai-chatbot,AI广告助手,advertising-assistant,AI客服助理,ai-customer-service-assistant
rails-guard,169470098081475953.jpg,Hoop.dev,Hoop.dev,https://railsguard.hoop.dev/,< 5K,0,,,Rails 控制台会话中的实时 AI 数据屏蔽。,其他,other,,,,
bodytransformai,169470840367033928.jpg,BodyTransformAI,BodyTransformAI的,https://www.bodytransformai.com/,< 5K,3,,100.00%,用人工智能改变你的身体。,AI自拍和人像,ai-selfie-portrait,,,,
magictales-io,169486193730525428.jpg,MagicTales,魔法故事,https://magictales.io/,< 5K,7,,,一个人工智能驱动的故事生成器，用于个性化的儿童故事。,人工智能故事写作,ai-story-writing,AI产品描述生成器,ai-product-description-generator,写作助理,writing-assistants
momentary,169506079979941157.jpg,Momentary,短暂的,https://momentary.cc/,< 5K,1,,,通过录音轻松保存珍贵的时刻。,AI语音识别,ai-speech-recognition,AI语音助手,ai-voice-assistants,AI 笔记助手,ai-notes-assistant
releaseflow,169506080876686078.jpg,ReleaseNotes AI,发行说明 AI,https://releaseflow.app/,< 5K,1,,100.00%,使用 AI 自动生成发行说明。,AI项目管理,ai-project-management,AI 调度,ai-scheduling,AI 工作流管理,ai-workflow-management
